Workbook

Sheet Synthèse
A1: TikTok : ce qui distingue les contenus et créateurs performants
A4: 1 · LE SUCCÈS, DÉFINI
A5: Succès = portée ET engagement. Portée : vues ≥ médiane du fichier. Engagement : (J’aime + commentaires + partages) ÷ vues ≥ médiane. Les vues seules favorisent les gros comptes ; le taux d’engagement dit si le public réagit.
A6: ="Preuve : sur "&SUM(Succès!C17:C20)&" vidéos en tendance, seules "&Succès!C17&" cumulent les deux ; "&Succès!C19&" ont de la portée sans engagement et "&Succès!C18&" l’inverse." -> Preuve : sur 100 vidéos en tendance, seules 30 cumulent les deux ; 20 ont de la portée sans engagement et 20 l’inverse.
A8: =Succès!E10 -> 0.10677181 | B8: =Succès!D17 -> 0.3 | C8: =Facteurs!D6 -> 1.8961265 | D8: =Succès!E10/Succès!E12 -> 1.5954914 | E8: =Facteurs!E17 -> 0.19109258
A9: Taux d’engagement médian des vidéos en tendance (trending_videos) | B9: des vidéos en tendance (trending_videos) cumulent portée et engagement (« succès complet ») | C9: Taux de J’aime des vidéos à succès, par rapport aux autres (trending_videos) | D9: Engagement du contenu de créateurs vs contenu du compte officiel (trending_videos1 & tiktok_collected_videos) | E9: Engagement médian des comptes de moins d’1 M d’abonnés (contre 14–15 % pour les plus gros) (tiktok_funny_hashtag_videos)
A11: 2 · CE QUI DISTINGUE LES MEILLEURS (chiffre clé et lecture)
A12: Facteur | B12: Chiffre clé | D12: Ce que cela signifie
A13: Réaction du public | B13: ="J’aime ÷ vues : "&ROUND(Facteurs!B6*100,1)&" % pour les succès contre "&ROUND(Facteurs!C6*100,1)&" % (× "&ROUND(Facteurs!D6,1)&")" -> J’aime ÷ vues : 14,6 % pour les succès contre 7,7 % (× 1,9) | D13: Ce qui sépare les meilleurs : une vidéo que le public aime et commente davantage ; les partages ne font pas la différence.
A14: Réglages techniques | B14: ="Durée "&ROUND(Facteurs!B9,0)&" s vs "&ROUND(Facteurs!C9,0)&" s ; hashtags "&ROUND(Facteurs!B10,0)&" vs "&ROUND(Facteurs!C10,0)&" ; légende "&ROUND(Facteurs!B11,0)&" vs "&ROUND(Facteurs!C11,0)&" car." -> Durée 12 s vs 11 s ; hashtags 3 vs 3 ; légende 49 vs 46 car. | D14: Aucun effet visible : ce n’est pas la mécanique de la vidéo qui fait la performance.
A15: Hashtags génériques (#fyp, #viral…) | B15: ="Présents dans "&ROUND(Facteurs!B12*100,0)&" % des succès contre "&ROUND(Facteurs!C12*100,0)&" % des autres" -> Présents dans 27 % des succès contre 49 % des autres | D15: Pas un levier : les vidéos à succès en utilisent moins.
A16: Thème du contenu | B16: ="Engagement médian : food "&ROUND(Catégories!F9*100,1)&" % · famille "&ROUND(Catégories!F8*100,1)&" % · humour "&ROUND(Catégories!F6*100,1)&" %" -> Engagement médian : food 16,2 % · famille 13,5 % · humour 7,9 % | D16: L’humour porte la plus grosse portée mais engage le moins ; famille et food engagent davantage (food : 7 vidéos, dominées par un créateur).
A17: Taille de l’audience | B17: ="< 1 M abonnés : "&ROUND(Facteurs!E17*100,1)&" % ; > 5 M : "&ROUND(Facteurs!E19*100,1)&" % ; vues par abonné "&ROUND(Facteurs!G17,0)&" vs "&ROUND(Facteurs!G19,0) -> < 1 M abonnés : 19,1 % ; > 5 M : 15,4 % ; vues par abonné 112 vs 6 | D17: Les petits comptes engagent le plus : être gros ne suffit pas, être petit ne veut pas dire pas ou moins de succès.
A18: Contenu de créateurs vs de marque | B18: ="Créateurs "&ROUND(Succès!E10*100,1)&" % vs compte officiel "&ROUND(Succès!E12*100,1)&" %" -> Créateurs 10,7 % vs compte officiel 6,7 % | D18: Le contenu de créateurs engage environ 1,6 fois plus que le contenu institutionnel (réserve : un seul compte officiel).
A20: 3 · QUI DOMINE CHAQUE CATÉGORIE
A21: ="Humour : "&ROUND(Catégories!E6*100,0)&" % des vues, mais engagement médian de "&ROUND(Catégories!F6*100,1)&" % (le plus bas). Domine par la portée." -> Humour : 26 % des vues, mais engagement médian de 7,9 % (le plus bas). Domine par la portée.
A22: ="Food & lifestyle : engagement médian "&ROUND(Catégories!F9*100,1)&" %, "&ROUND(Catégories!G9*100,0)&" % de vidéos en succès complet (7 vidéos, dominées par un seul créateur). Famille & enfants : "&ROUND(Catégories!F8*100,1)&" % avec une portée élevée." -> Food & lifestyle : engagement médian 16,2 %, 71 % de vidéos en succès complet (7 vidéos, dominées par un seul créateur). Famille & enfants : 13,5 % avec une portée élevée.
A23: ="Non classé : "&ROUND(Catégories!E11*100,0)&" % des vues, thème inconnu (légende vide ou sans mot-clé) : limite de la classification, voir onglet Catégories." -> Non classé : 46 % des vues, thème inconnu (légende vide ou sans mot-clé) : limite de la classification, voir onglet Catégories.
A25: 4 · QUI CONTACTER EN PRIORITÉ (liste complète : onglet Contacts)
A26: Compte | B26: Source | C26: Taux d’engagement | D26: Vues cumulées | E26: Thème (tendance) / abonnés (hashtag)
A27: =Contacts!B10 -> @bts_official_bighit | B27: Tendance | C27: =Contacts!F10 -> 0.3609176 | D27: =Contacts!E10 -> 26700000 | E27: =Contacts!C10 -> Musique & danse
A28: =Contacts!B11 -> TND-010 | B28: Tendance | C28: =Contacts!F11 -> 0.25065765 | D28: =Contacts!E11 -> 73900000 | E28: =Contacts!C11 -> Food & lifestyle
A29: =Contacts!B12 -> TND-039 | B29: Tendance | C29: =Contacts!F12 -> 0.23800709 | D29: =Contacts!E12 -> 14100000 | E29: =Contacts!C12 -> Non classé
A30: =Contacts!B24 -> HSH-042 | B30: Hashtag humour | C30: =Contacts!F24 -> 0.29521528 | D30: =Contacts!E24 -> 28800000 | E30: =Contacts!C24 -> 499800
A31: =Contacts!B25 -> HSH-077 | B31: Hashtag humour | C31: =Contacts!F25 -> 0.25846209 | D31: =Contacts!E25 -> 27700000 | E31: =Contacts!C25 -> 958100
A32: =Contacts!B26 -> HSH-013 | B32: Hashtag humour | C32: =Contacts!F26 -> 0.25637093 | D32: =Contacts!E26 -> 46100000 | E32: =Contacts!C26 -> 144200
A34: 5 · À RETENIR AVANT DE DÉCIDER
A35: • Aucune vidéo peu performante dans les extraits : on compare des succès entre eux, on ne sait pas ce qui sépare un succès d’un échec.
A36: • Corrélations, pas causalité ; aucun résultat business (ventes, notoriété). Données de 2021 : à actualiser avant d’investir.
A37: • Catégories déduites des légendes (indicatif) ; 100 vidéos par fichier : les petits effectifs sont à confirmer.
A39: 6 · RECOMMANDATION FINALE : QUI CONTACTER ?
A40: Pour conclure, je réponds à la question de départ : qui contacter ?
A41: ="Si je ne devais en choisir qu’un, ce serait "&Contacts!B11&" : "&ROUND(Contacts!F11*100,0)&" % d’engagement, "&ROUND(Contacts!E11/1000000,0)&" millions de vues et "&Contacts!D11&" vidéos en tendance, la régularité la plus forte de ma liste." -> Si je ne devais en choisir qu’un, ce serait TND-010 : 25 % d’engagement, 74 millions de vues et 3 vidéos en tendance, la régularité la plus forte de ma liste.
A42: BTS engage davantage, mais c’est probablement une organisation, donc un partenariat différent.
A43: ="Et si le client préfère un petit compte, "&Contacts!B26&" : "&TEXT(Contacts!C26,"# ##0")&" abonnés pour "&ROUND(Contacts!E26/1000000,0)&" millions de vues." -> Et si le client préfère un petit compte, HSH-013 : 144 200 abonnés pour 46 millions de vues.
A44: Ce choix repose sur trois enseignements : la performance vient de la réaction du public, pas des réglages ; les niches engagent mieux que la portée brute ; l’audience n’achète pas l’engagement.

Sheet Succès
A1: Définir le succès : ce que mesurent les chiffres
A3: DÉFINITION RETENUE
A4: Une vidéo est un succès quand elle cumule deux choses : une PORTÉE (vues ≥ médiane du fichier) et un ENGAGEMENT (taux d’engagement ≥ médiane du fichier).
A5: Taux d’engagement = (J’aime + commentaires + partages) ÷ vues. Il mesure la réaction du public, indépendamment de la taille du compte ; les vues seules et les J’aime bruts favorisent mécaniquement les gros comptes. Médiane plutôt que moyenne : quelques vidéos virales faussent les moyennes.
A6: Un créateur est « à succès » quand son taux d’engagement cumulé (toutes ses vidéos) dépasse nettement la médiane ET que ses vues cumulées dépassent la médiane d’une vidéo.
A8: A. LES 4 FICHIERS EN UN COUP D’ŒIL (repères de réussite par fichier)
A9: Source | B9: Contenu du fichier | C9: Nb vidéos | D9: Vues médianes | E9: Taux d’engagement médian | F9: Part des J’aime dans les interactions | G9: Rôle dans l’analyse
A10: Tendance | B10: Vidéos en tendance (84 créateurs) | C10: =COUNT(Données!$L$2:$L$101) -> 100 | D10: =MEDIAN(Données!$L$2:$L$101) -> 10400000 | E10: =MEDIAN(Données!$P$2:$P$101) -> 0.10677181 | F10: =SUM(Données!$M$2:$M$101)/(SUM(Données!$M$2:$M$101)+SUM(Données!$N$2:$N$101)+SUM(Données!$O$2:$O$101)) -> 0.94364942 | G10: Fichier principal : seul à mélanger de nombreux créateurs
A11: Aimées | B11: Vidéos aimées par le compte @tiktok | C11: =COUNT(Données!$L$102:$L$201) -> 100 | D11: =MEDIAN(Données!$L$102:$L$201) -> 5700000 | E11: =MEDIAN(Données!$P$102:$P$201) -> 0.18322882 | F11: =SUM(Données!$M$102:$M$201)/(SUM(Données!$M$102:$M$201)+SUM(Données!$N$102:$N$201)+SUM(Données!$O$102:$O$201)) -> 0.96235483 | G11: Contrôle de robustesse (sélection éditoriale)
A12: Officiel | B12: Vidéos du compte officiel @tiktok | C12: =COUNT(Données!$L$202:$L$301) -> 100 | D12: =MEDIAN(Données!$L$202:$L$301) -> 3250000 | E12: =MEDIAN(Données!$P$202:$P$301) -> 0.066920952 | F12: =SUM(Données!$M$202:$M$301)/(SUM(Données!$M$202:$M$301)+SUM(Données!$N$202:$N$301)+SUM(Données!$O$202:$O$301)) -> 0.92175918 | G12: Repère « contenu de marque »
A13: Hashtag | B13: Vidéos du hashtag humour (79 créateurs) | C13: =COUNT(Données!$L$302:$L$401) -> 100 | D13: =MEDIAN(Données!$L$302:$L$401) -> 53650000 | E13: =MEDIAN(Données!$P$302:$P$401) -> 0.16348722 | F13: =SUM(Données!$M$302:$M$401)/(SUM(Données!$M$302:$M$401)+SUM(Données!$N$302:$N$401)+SUM(Données!$O$302:$O$401)) -> 0.96037227 | G13: Seul fichier avec le nombre d’abonnés
A15: B. POURQUOI DEUX MESURES ET PAS UNE (vidéos en tendance)
A16: Profil de la vidéo | B16: Règle | C16: Nb vidéos | D16: Part des vidéos | E16: Vues médianes | F16: Taux d’engagement médian | G16: Part des vues cumulées
A17: Succès complet | B17: Vues ≥ médiane ET engagement ≥ médiane | C17: =COUNTIF(Données!$S$2:$S$101,A17) -> 30 | D17: =C17/SUM($C$17:$C$20) -> 0.3 | E17: {=MEDIAN(IF(Données!$S$2:$S$101=A17,Données!$L$2:$L$101))} -> 25600000 | F17: {=MEDIAN(IF(Données!$S$2:$S$101=A17,Données!$P$2:$P$101))} -> 0.15584566 | G17: =SUMIF(Données!$S$2:$S$101,A17,Données!$L$2:$L$101)/SUM(Données!$L$2:$L$101) -> 0.58370973
A18: Engagé, portée modeste | B18: Engagement ≥ médiane, vues < médiane | C18: =COUNTIF(Données!$S$2:$S$101,A18) -> 20 | D18: =C18/SUM($C$17:$C$20) -> 0.2 | E18: {=MEDIAN(IF(Données!$S$2:$S$101=A18,Données!$L$2:$L$101))} -> 3850000 | F18: {=MEDIAN(IF(Données!$S$2:$S$101=A18,Données!$P$2:$P$101))} -> 0.15772828 | G18: =SUMIF(Données!$S$2:$S$101,A18,Données!$L$2:$L$101)/SUM(Données!$L$2:$L$101) -> 0.038965211
A19: Portée sans engagement | B19: Vues ≥ médiane, engagement < médiane | C19: =COUNTIF(Données!$S$2:$S$101,A19) -> 20 | D19: =C19/SUM($C$17:$C$20) -> 0.2 | E19: {=MEDIAN(IF(Données!$S$2:$S$101=A19,Données!$L$2:$L$101))} -> 29250000 | F19: {=MEDIAN(IF(Données!$S$2:$S$101=A19,Données!$P$2:$P$101))} -> 0.076537952 | G19: =SUMIF(Données!$S$2:$S$101,A19,Données!$L$2:$L$101)/SUM(Données!$L$2:$L$101) -> 0.33085437
A20: Standard | B20: Les deux sous la médiane | C20: =COUNTIF(Données!$S$2:$S$101,A20) -> 30 | D20: =C20/SUM($C$17:$C$20) -> 0.3 | E20: {=MEDIAN(IF(Données!$S$2:$S$101=A20,Données!$L$2:$L$101))} -> 3150000 | F20: {=MEDIAN(IF(Données!$S$2:$S$101=A20,Données!$P$2:$P$101))} -> 0.07523562 | G20: =SUMIF(Données!$S$2:$S$101,A20,Données!$L$2:$L$101)/SUM(Données!$L$2:$L$101) -> 0.046470692
A22: ="Lecture : si portée et engagement allaient ensemble, il n’y aurait que deux profils. Or "&C19&" vidéos ont de la portée sans engagement et "&C18&" l’inverse : les vues seules ne disent pas si le public réagit. Seules "&C17&" vidéos sur "&SUM(C17:C20)&" cumulent les deux." -> Lecture : si portée et engagement allaient ensemble, il n’y aurait que deux profils. Or 20 vidéos ont de la portée sans engagement et 20 l’inverse : les vues seules ne disent pas si le public réagit. Seules 30 vidéos sur 100 cumulent les deux.
A23: Repères entre fichiers : le taux d’engagement médian varie fortement selon la façon dont le fichier a été constitué (compte officiel vs sélections de contenus populaires). On compare donc toujours une vidéo à la médiane des on fichier, jamais d’un fichier à l’autre.

Sheet Facteurs
A1: Facteurs : ce qui distingue les vidéos à succès des autres
A2: Comparaison des médianes : vidéos « succès complet » vs les autres (100 vidéos en tendance). Corrélation ≠ causalité : on compare des contenus déjà populaires entre eux.
A4: A. LES VIDÉOS À SUCCÈS COMPLET VS LES AUTRES (vidéos en tendance / trending_videos)
A5: Facteur | B5: Succès complet (médiane) | C5: Autres vidéos (médiane) | D5: Rapport succès / autres | E5: Lecture
A6: Taux de J’aime (J’aime ÷ vues) | B6: {=MEDIAN(IF(Données!$T$2:$T$101=1,Données!$M$2:$M$101/Données!$L$2:$L$101))} -> 0.14571226 | C6: {=MEDIAN(IF(Données!$T$2:$T$101=0,Données!$M$2:$M$101/Données!$L$2:$L$101))} -> 0.076847328 | D6: =B6/C6 -> 1.8961265 | E6: Distingue nettement : le haut du panier est surtout une vidéo que le public aime.
A7: Taux de commentaires | B7: {=MEDIAN(IF(Données!$T$2:$T$101=1,Données!$N$2:$N$101/Données!$L$2:$L$101))} -> 0.0017876481 | C7: {=MEDIAN(IF(Données!$T$2:$T$101=0,Données!$N$2:$N$101/Données!$L$2:$L$101))} -> 0.00084208874 | D7: =B7/C7 -> 2.1228738 | E7: Distingue : ça discute plus.
A8: Taux de partages | B8: {=MEDIAN(IF(Données!$T$2:$T$101=1,Données!$O$2:$O$101/Données!$L$2:$L$101))} -> 0.0023732236 | C8: {=MEDIAN(IF(Données!$T$2:$T$101=0,Données!$O$2:$O$101/Données!$L$2:$L$101))} -> 0.006030722 | D8: =B8/C8 -> 0.39352231 | E8: Ne distingue pas : les partages sont même plus rares chez les vidéos à succès.
A9: Durée de la vidéo (s) | B9: {=MEDIAN(IF(Données!$T$2:$T$101=1,Données!$H$2:$H$101))} -> 12 | C9: {=MEDIAN(IF(Données!$T$2:$T$101=0,Données!$H$2:$H$101))} -> 11 | D9: =B9/C9 -> 1.0909091 | E9: Aucune différence : la durée n’explique pas le succès.
A10: Nombre de hashtags | B10: {=MEDIAN(IF(Données!$T$2:$T$101=1,Données!$I$2:$I$101))} -> 3 | C10: {=MEDIAN(IF(Données!$T$2:$T$101=0,Données!$I$2:$I$101))} -> 3 | D10: =B10/C10 -> 1 | E10: Aucune différence.
A11: Longueur de la légende (car.) | B11: {=MEDIAN(IF(Données!$T$2:$T$101=1,Données!$J$2:$J$101))} -> 49 | C11: {=MEDIAN(IF(Données!$T$2:$T$101=0,Données!$J$2:$J$101))} -> 46 | D11: =B11/C11 -> 1.0652174 | E11: Aucune différence.
A12: Part des vidéos avec un hashtag générique (#fyp, #foryou, #viral…) | B12: =AVERAGEIF(Données!$T$2:$T$101,1,Données!$K$2:$K$101) -> 0.26666667 | C12: =AVERAGEIF(Données!$T$2:$T$101,0,Données!$K$2:$K$101) -> 0.48571429 | D12: =B12/C12 -> 0.54901961 | E12: Les vidéos à succès en utilisent moins : ces hashtags ne sont pas un levier.
A13: {="Effectifs : "&SUM(Données!$T$2:$T$101)&" vidéos à succès complet contre "&(COUNT(Données!$T$2:$T$101)-SUM(Données!$T$2:$T$101))&" autres. Taux d’engagement médian : "&ROUND(MEDIAN(IF(Données!$T$2:$T$101=1,Données!$P$2:$P$101))*100,1)&" % contre "&ROUND(MEDIAN(IF(Données!$T$2:$T$101=0,Données!$P$2:$P$101))*100,1)&" %."} -> Effectifs : 30 vidéos à succès complet contre 70 autres. Taux d’engagement médian : 15,6 % contre 8,2 %.
A15: B. TAILLE D’AUDIENCE (fichier hashtag humour : seul fichier avec les abonnés)
A16: Palier d’audience | B16: Abonnés de | C16: Abonnés jusqu’à (exclu) | D16: Nb vidéos | E16: Taux d’engagement médian | F16: Vues médianes | G16: Vues par abonné (médiane)
A17: Moins de 1 M d’abonnés | B17: 0 | C17: 1000000 | D17: =SUMPRODUCT((Données!$G$302:$G$401>=B17)*(Données!$G$302:$G$401<C17)) -> 28 | E17: {=MEDIAN(IF((Données!$G$302:$G$401>=B17)*(Données!$G$302:$G$401<C17)=1,Données!$P$302:$P$401))} -> 0.19109258 | F17: {=MEDIAN(IF((Données!$G$302:$G$401>=B17)*(Données!$G$302:$G$401<C17)=1,Données!$L$302:$L$401))} -> 48400000 | G17: {=MEDIAN(IF((Données!$G$302:$G$401>=B17)*(Données!$G$302:$G$401<C17)=1,Données!$R$302:$R$401))} -> 111.79581
A18: 1 à 5 M d’abonnés | B18: 1000000 | C18: 5000000 | D18: =SUMPRODUCT((Données!$G$302:$G$401>=B18)*(Données!$G$302:$G$401<C18)) -> 35 | E18: {=MEDIAN(IF((Données!$G$302:$G$401>=B18)*(Données!$G$302:$G$401<C18)=1,Données!$P$302:$P$401))} -> 0.14329602 | F18: {=MEDIAN(IF((Données!$G$302:$G$401>=B18)*(Données!$G$302:$G$401<C18)=1,Données!$L$302:$L$401))} -> 65900000 | G18: {=MEDIAN(IF((Données!$G$302:$G$401>=B18)*(Données!$G$302:$G$401<C18)=1,Données!$R$302:$R$401))} -> 29.714286
A19: Plus de 5 M d’abonnés | B19: 5000000 | C19: 10000000000 | D19: =SUMPRODUCT((Données!$G$302:$G$401>=B19)*(Données!$G$302:$G$401<C19)) -> 37 | E19: {=MEDIAN(IF((Données!$G$302:$G$401>=B19)*(Données!$G$302:$G$401<C19)=1,Données!$P$302:$P$401))} -> 0.15439209 | F19: {=MEDIAN(IF((Données!$G$302:$G$401>=B19)*(Données!$G$302:$G$401<C19)=1,Données!$L$302:$L$401))} -> 55400000 | G19: {=MEDIAN(IF((Données!$G$302:$G$401>=B19)*(Données!$G$302:$G$401<C19)=1,Données!$R$302:$R$401))} -> 6.278481
A20: Compte vérifié | B20: — | C20: — | D20: =COUNTIF(Données!$F$302:$F$401,"Oui") -> 41 | E20: {=MEDIAN(IF(Données!$F$302:$F$401="Oui",Données!$P$302:$P$401))} -> 0.15439209 | F20: {=MEDIAN(IF(Données!$F$302:$F$401="Oui",Données!$L$302:$L$401))} -> 54200000 | G20: {=MEDIAN(IF(Données!$F$302:$F$401="Oui",Données!$R$302:$R$401))} -> 7.6
A21: Compte non vérifié | B21: — | C21: — | D21: =COUNTIF(Données!$F$302:$F$401,"Non") -> 59 | E21: {=MEDIAN(IF(Données!$F$302:$F$401="Non",Données!$P$302:$P$401))} -> 0.16800606 | F21: {=MEDIAN(IF(Données!$F$302:$F$401="Non",Données!$L$302:$L$401))} -> 52600000 | G21: {=MEDIAN(IF(Données!$F$302:$F$401="Non",Données!$R$302:$R$401))} -> 70.327553
A22: Lecture : les plus petits comptes engagent le plus et obtiennent des vues par abonné sans commune mesure ; le badge « vérifié » n’apporte pas d’engagement supplémentaire. L’audience n’est donc ni nécessaire ni suffisante.
A24: C. LE CONSTAT TIENT-IL DANS LES AUTRES FICHIERS ? (médianes, succès complet vs autres)
A25: Fichier | B25: Taux de J’aime : succès | C25: Taux de J’aime : autres | D25: Durée (s) : succès | E25: Durée (s) : autres | F25: Nb hashtags : succès | G25: Nb hashtags : autres
A26: Aimées | B26: {=MEDIAN(IF(Données!$T$102:$T$201=1,Données!$Q$102:$Q$201))} -> 0.22727273 | C26: {=MEDIAN(IF(Données!$T$102:$T$201=0,Données!$Q$102:$Q$201))} -> 0.14820042 | D26: {=MEDIAN(IF(Données!$T$102:$T$201=1,Données!$H$102:$H$201))} -> 15 | E26: {=MEDIAN(IF(Données!$T$102:$T$201=0,Données!$H$102:$H$201))} -> 16 | F26: {=MEDIAN(IF(Données!$T$102:$T$201=1,Données!$I$102:$I$201))} -> 1 | G26: {=MEDIAN(IF(Données!$T$102:$T$201=0,Données!$I$102:$I$201))} -> 2
A27: Officiel | B27: {=MEDIAN(IF(Données!$T$202:$T$301=1,Données!$Q$202:$Q$301))} -> 0.083898026 | C27: {=MEDIAN(IF(Données!$T$202:$T$301=0,Données!$Q$202:$Q$301))} -> 0.047333976 | D27: {=MEDIAN(IF(Données!$T$202:$T$301=1,Données!$H$202:$H$301))} -> 30 | E27: {=MEDIAN(IF(Données!$T$202:$T$301=0,Données!$H$202:$H$301))} -> 21.5 | F27: {=MEDIAN(IF(Données!$T$202:$T$301=1,Données!$I$202:$I$301))} -> 1 | G27: {=MEDIAN(IF(Données!$T$202:$T$301=0,Données!$I$202:$I$301))} -> 1
A28: Hashtag | B28: {=MEDIAN(IF(Données!$T$302:$T$401=1,Données!$Q$302:$Q$401))} -> 0.18011324 | C28: {=MEDIAN(IF(Données!$T$302:$T$401=0,Données!$Q$302:$Q$401))} -> 0.14496321 | D28: {=MEDIAN(IF(Données!$T$302:$T$401=1,Données!$H$302:$H$401))} -> 12 | E28: {=MEDIAN(IF(Données!$T$302:$T$401=0,Données!$H$302:$H$401))} -> 17.5 | F28: {=MEDIAN(IF(Données!$T$302:$T$401=1,Données!$I$302:$I$401))} -> 7 | G28: {=MEDIAN(IF(Données!$T$302:$T$401=0,Données!$I$302:$I$401))} -> 8.5
A29: Lecture : dans les trois autres fichiers, le taux de J’aime reste le seul facteur qui sépare nettement les succès du reste ; durée et hashtags ne montrent pas d’écart constant d’un fichier à l’autre. Seuls des tests contrôlés permettraient de parler de levier.

Sheet Catégories
A1: Catégories : qui domine, et pourquoi
A2: Catégories = thème de CHAQUE créateur, déduit par mots-clés des légendes et hashtags du fichier (aucune donnée externe). Un créateur sans mot-clé exploitable est « Non classé ». Source : 100 vidéos en tendance.
A4: A. PERFORMANCE PAR CATÉGORIE | N4: Données triées pour les graphiques (calculées)
A5: Catégorie | B5: Nb vidéos | C5: Nb créateurs | D5: Vues cumulées | E5: Part des vues | F5: Taux d’engagement médian | G5: % de vidéos « succès complet » | H5: Créateur dominant (portée) | I5: Sa part des vues de la catégorie | J5: Créateur le plus engageant* | K5: Son taux d’engagement | L5: Lecture | N5: Catégorie | O5: Taux d’engagement médian | P5: Catégorie | Q5: Part des vues
A6: Humour & sketchs | B6: =COUNTIF(Données!$E$2:$E$101,A6) -> 18 | C6: =SUMPRODUCT((Données!$E$2:$E$101=A6)/COUNTIFS(Données!$C$2:$C$101,Données!$C$2:$C$101,Données!$E$2:$E$101,Données!$E$2:$E$101)) -> 17 | D6: =SUMIF(Données!$E$2:$E$101,A6,Données!$L$2:$L$101) -> 604437500 | E6: =D6/SUM($D$6:$D$11) -> 0.2584733 | F6: {=MEDIAN(IF(Données!$E$2:$E$101=A6,Données!$P$2:$P$101))} -> 0.078600357 | G6: =COUNTIFS(Données!$E$2:$E$101,A6,Données!$S$2:$S$101,"Succès complet")/B6 -> 0.27777778 | H6: Compte TND-049 | I6: =SUMIF(Données!$C$2:$C$101,"TND-049",Données!$L$2:$L$101)/D6 -> 0.27347741 | J6: Compte TND-060 | K6: =(SUMIF(Données!$C$2:$C$101,"TND-060",Données!$M$2:$M$101)+SUMIF(Données!$C$2:$C$101,"TND-060",Données!$N$2:$N$101)+SUMIF(Données!$C$2:$C$101,"TND-060",Données!$O$2:$O$101))/SUMIF(Données!$C$2:$C$101,"TND-060",Données!$L$2:$L$101) -> 0.14754811 | L6: Domine par la portée (plus grosse part des vues identifiées) mais engagement le plus faible : on regarde beaucoup, on réagit peu. | N6: =INDEX($A$6:$A$11,MATCH(O6,$F$6:$F$11,0)) -> Humour & sketchs | O6: =SMALL($F$6:$F$11,1) -> 0.078600357 | P6: =INDEX($A$6:$A$11,MATCH(Q6,$E$6:$E$11,0)) -> Musique & danse | Q6: =SMALL($E$6:$E$11,1) -> 0.04280538
A7: Animaux | B7: =COUNTIF(Données!$E$2:$E$101,A7) -> 17 | C7: =SUMPRODUCT((Données!$E$2:$E$101=A7)/COUNTIFS(Données!$C$2:$C$101,Données!$C$2:$C$101,Données!$E$2:$E$101,Données!$E$2:$E$101)) -> 17 | D7: =SUMIF(Données!$E$2:$E$101,A7,Données!$L$2:$L$101) -> 151191300 | E7: =D7/SUM($D$6:$D$11) -> 0.064653357 | F7: {=MEDIAN(IF(Données!$E$2:$E$101=A7,Données!$P$2:$P$101))} -> 0.1017943 | G7: =COUNTIFS(Données!$E$2:$E$101,A7,Données!$S$2:$S$101,"Succès complet")/B7 -> 0.11764706 | H7: Compte TND-003 | I7: =SUMIF(Données!$C$2:$C$101,"TND-003",Données!$L$2:$L$101)/D7 -> 0.29829759 | J7: TND-014 | K7: =(SUMIF(Données!$C$2:$C$101,"TND-014",Données!$M$2:$M$101)+SUMIF(Données!$C$2:$C$101,"TND-014",Données!$N$2:$N$101)+SUMIF(Données!$C$2:$C$101,"TND-014",Données!$O$2:$O$101))/SUMIF(Données!$C$2:$C$101,"TND-014",Données!$L$2:$L$101) -> 0.19607895 | L7: Portée médiane modeste et engagement moyen : terrain accessible mais rarement un succès complet. | N7: =INDEX($A$6:$A$11,MATCH(O7,$F$6:$F$11,0)) -> Non classé | O7: =SMALL($F$6:$F$11,2) -> 0.098003125 | P7: =INDEX($A$6:$A$11,MATCH(Q7,$E$6:$E$11,0)) -> Food & lifestyle | Q7: =SMALL($E$6:$E$11,2) -> 0.05276907
A8: Famille & enfants | B8: =COUNTIF(Données!$E$2:$E$101,A8) -> 14 | C8: =SUMPRODUCT((Données!$E$2:$E$101=A8)/COUNTIFS(Données!$C$2:$C$101,Données!$C$2:$C$101,Données!$E$2:$E$101,Données!$E$2:$E$101)) -> 14 | D8: =SUMIF(Données!$E$2:$E$101,A8,Données!$L$2:$L$101) -> 284500000 | E8: =D8/SUM($D$6:$D$11) -> 0.12165965 | F8: {=MEDIAN(IF(Données!$E$2:$E$101=A8,Données!$P$2:$P$101))} -> 0.13478348 | G8: =COUNTIFS(Données!$E$2:$E$101,A8,Données!$S$2:$S$101,"Succès complet")/B8 -> 0.28571429 | H8: Compte TND-008 | I8: =SUMIF(Données!$C$2:$C$101,"TND-008",Données!$L$2:$L$101)/D8 -> 0.28049209 | J8: TND-052 | K8: =(SUMIF(Données!$C$2:$C$101,"TND-052",Données!$M$2:$M$101)+SUMIF(Données!$C$2:$C$101,"TND-052",Données!$N$2:$N$101)+SUMIF(Données!$C$2:$C$101,"TND-052",Données!$O$2:$O$101))/SUMIF(Données!$C$2:$C$101,"TND-052",Données!$L$2:$L$101) -> 0.17048358 | L8: Engagement au-dessus de la médiane avec une bonne portée : bon équilibre entre vues et réaction. | N8: =INDEX($A$6:$A$11,MATCH(O8,$F$6:$F$11,0)) -> Animaux | O8: =SMALL($F$6:$F$11,3) -> 0.1017943 | P8: =INDEX($A$6:$A$11,MATCH(Q8,$E$6:$E$11,0)) -> Animaux | Q8: =SMALL($E$6:$E$11,3) -> 0.064653357
A9: Food & lifestyle | B9: =COUNTIF(Données!$E$2:$E$101,A9) -> 7 | C9: =SUMPRODUCT((Données!$E$2:$E$101=A9)/COUNTIFS(Données!$C$2:$C$101,Données!$C$2:$C$101,Données!$E$2:$E$101,Données!$E$2:$E$101)) -> 5 | D9: =SUMIF(Données!$E$2:$E$101,A9,Données!$L$2:$L$101) -> 123400000 | E9: =D9/SUM($D$6:$D$11) -> 0.05276907 | F9: {=MEDIAN(IF(Données!$E$2:$E$101=A9,Données!$P$2:$P$101))} -> 0.16186747 | G9: =COUNTIFS(Données!$E$2:$E$101,A9,Données!$S$2:$S$101,"Succès complet")/B9 -> 0.71428571 | H9: TND-010 | I9: =SUMIF(Données!$C$2:$C$101,"TND-010",Données!$L$2:$L$101)/D9 -> 0.59886548 | J9: TND-010 | K9: =(SUMIF(Données!$C$2:$C$101,"TND-010",Données!$M$2:$M$101)+SUMIF(Données!$C$2:$C$101,"TND-010",Données!$N$2:$N$101)+SUMIF(Données!$C$2:$C$101,"TND-010",Données!$O$2:$O$101))/SUMIF(Données!$C$2:$C$101,"TND-010",Données!$L$2:$L$101) -> 0.25065765 | L9: Meilleur engagement médian, 5 vidéos sur 7 en succès complet ; mais 7 vidéos seulement et un seul créateur pèse plus de la moitié des vues : signal à confirmer. | N9: =INDEX($A$6:$A$11,MATCH(O9,$F$6:$F$11,0)) -> Musique & danse | O9: =SMALL($F$6:$F$11,4) -> 0.11304522 | P9: =INDEX($A$6:$A$11,MATCH(Q9,$E$6:$E$11,0)) -> Famille & enfants | Q9: =SMALL($E$6:$E$11,4) -> 0.12165965
A10: Musique & danse | B10: =COUNTIF(Données!$E$2:$E$101,A10) -> 5 | C10: =SUMPRODUCT((Données!$E$2:$E$101=A10)/COUNTIFS(Données!$C$2:$C$101,Données!$C$2:$C$101,Données!$E$2:$E$101,Données!$E$2:$E$101)) -> 4 | D10: =SUMIF(Données!$E$2:$E$101,A10,Données!$L$2:$L$101) -> 100100000 | E10: =D10/SUM($D$6:$D$11) -> 0.04280538 | F10: {=MEDIAN(IF(Données!$E$2:$E$101=A10,Données!$P$2:$P$101))} -> 0.11304522 | G10: =COUNTIFS(Données!$E$2:$E$101,A10,Données!$S$2:$S$101,"Succès complet")/B10 -> 0.4 | H10: Compte TND-042 | I10: =SUMIF(Données!$C$2:$C$101,"TND-042",Données!$L$2:$L$101)/D10 -> 0.43156843 | J10: @bts_official_bighit | K10: =(SUMIF(Données!$C$2:$C$101,"TND-001",Données!$M$2:$M$101)+SUMIF(Données!$C$2:$C$101,"TND-001",Données!$N$2:$N$101)+SUMIF(Données!$C$2:$C$101,"TND-001",Données!$O$2:$O$101))/SUMIF(Données!$C$2:$C$101,"TND-001",Données!$L$2:$L$101) -> 0.3609176 | L10: Seulement 5 vidéos : non concluant. | N10: =INDEX($A$6:$A$11,MATCH(O10,$F$6:$F$11,0)) -> Famille & enfants | O10: =SMALL($F$6:$F$11,5) -> 0.13478348 | P10: =INDEX($A$6:$A$11,MATCH(Q10,$E$6:$E$11,0)) -> Humour & sketchs | Q10: =SMALL($E$6:$E$11,5) -> 0.2584733
A11: Non classé | B11: =COUNTIF(Données!$E$2:$E$101,A11) -> 39 | C11: =SUMPRODUCT((Données!$E$2:$E$101=A11)/COUNTIFS(Données!$C$2:$C$101,Données!$C$2:$C$101,Données!$E$2:$E$101,Données!$E$2:$E$101)) -> 27 | D11: =SUMIF(Données!$E$2:$E$101,A11,Données!$L$2:$L$101) -> 1074862300 | E11: =D11/SUM($D$6:$D$11) -> 0.45963925 | F11: {=MEDIAN(IF(Données!$E$2:$E$101=A11,Données!$P$2:$P$101))} -> 0.098003125 | G11: =COUNTIFS(Données!$E$2:$E$101,A11,Données!$S$2:$S$101,"Succès complet")/B11 -> 0.30769231 | H11: Compte TND-051 | I11: =SUMIF(Données!$C$2:$C$101,"TND-051",Données!$L$2:$L$101)/D11 -> 0.20681719 | J11: TND-039 | K11: =(SUMIF(Données!$C$2:$C$101,"TND-039",Données!$M$2:$M$101)+SUMIF(Données!$C$2:$C$101,"TND-039",Données!$N$2:$N$101)+SUMIF(Données!$C$2:$C$101,"TND-039",Données!$O$2:$O$101))/SUMIF(Données!$C$2:$C$101,"TND-039",Données!$L$2:$L$101) -> 0.23800709 | L11: Légende vide ou sans mot-clé : 39 % des vidéos et la plus grosse portée (comptes très suivis), mais thème inconnu. | N11: =INDEX($A$6:$A$11,MATCH(O11,$F$6:$F$11,0)) -> Food & lifestyle | O11: =SMALL($F$6:$F$11,6) -> 0.16186747 | P11: =INDEX($A$6:$A$11,MATCH(Q11,$E$6:$E$11,0)) -> Non classé | Q11: =SMALL($E$6:$E$11,6) -> 0.45963925
A12: Total / médiane | B12: =SUM(B6:B11) -> 100 | C12: =SUMPRODUCT(1/COUNTIF(Données!$C$2:$C$101,Données!$C$2:$C$101)) -> 84 | D12: =SUM(D6:D11) -> 2338491100 | E12: =SUM(E6:E11) -> 1 | F12: =MEDIAN(Données!$P$2:$P$101) -> 0.10677181 | G12: =COUNTIF(Données!$S$2:$S$101,"Succès complet")/B12 -> 0.3
A13: * Parmi les créateurs de la catégorie dont les vues cumulées dépassent la médiane d’une vidéo (évite de distinguer un créateur sur une seule petite vidéo). Les créateurs non retenus pour le contact sont désignés par une référence anonyme (TND-xxx).
A31: B. DÉTAIL DU TREEMAP : créateurs (taille = vues cumulées, couleur = catégorie)
A32: Catégorie (couleur) | B32: N° | C32: Réf. interne | D32: Vues cumulées (taille) | E32: Interactions | F32: Taux d’engagement | G32: Part des vues totales | H32: Créateur
A33: Humour & sketchs | B33: 1 | C33: TND-049 | D33: =SUMIF(Données!$C$2:$C$101,C33,Données!$L$2:$L$101) -> 165300000 | E33: =SUMIF(Données!$C$2:$C$101,C33,Données!$M$2:$M$101)+SUMIF(Données!$C$2:$C$101,C33,Données!$N$2:$N$101)+SUMIF(Données!$C$2:$C$101,C33,Données!$O$2:$O$101) -> 17826934 | F33: =E33/D33 -> 0.10784594 | G33: =D33/SUM(Données!$L$2:$L$101) -> 0.070686606 | H33: Compte TND-049
A34: Humour & sketchs | B34: 2 | C34: TND-060 | D34: =SUMIF(Données!$C$2:$C$101,C34,Données!$L$2:$L$101) -> 106000000 | E34: =SUMIF(Données!$C$2:$C$101,C34,Données!$M$2:$M$101)+SUMIF(Données!$C$2:$C$101,C34,Données!$N$2:$N$101)+SUMIF(Données!$C$2:$C$101,C34,Données!$O$2:$O$101) -> 15640100 | F34: =E34/D34 -> 0.14754811 | G34: =D34/SUM(Données!$L$2:$L$101) -> 0.045328374 | H34: Compte TND-060
A35: Humour & sketchs | B35: 3 | C35: TND-004 | D35: =SUMIF(Données!$C$2:$C$101,C35,Données!$L$2:$L$101) -> 101200000 | E35: =SUMIF(Données!$C$2:$C$101,C35,Données!$M$2:$M$101)+SUMIF(Données!$C$2:$C$101,C35,Données!$N$2:$N$101)+SUMIF(Données!$C$2:$C$101,C35,Données!$O$2:$O$101) -> 12333300 | F35: =E35/D35 -> 0.12187055 | G35: =D35/SUM(Données!$L$2:$L$101) -> 0.043275769 | H35: Compte TND-004
A36: Humour & sketchs | B36: 4 | C36: TND-057 | D36: =SUMIF(Données!$C$2:$C$101,C36,Données!$L$2:$L$101) -> 84500000 | E36: =SUMIF(Données!$C$2:$C$101,C36,Données!$M$2:$M$101)+SUMIF(Données!$C$2:$C$101,C36,Données!$N$2:$N$101)+SUMIF(Données!$C$2:$C$101,C36,Données!$O$2:$O$101) -> 12181900 | F36: =E36/D36 -> 0.1441645 | G36: =D36/SUM(Données!$L$2:$L$101) -> 0.036134412 | H36: Compte TND-057
A37: Humour & sketchs | B37: 5 | C37: — | D37: =SUMIF(Données!$E$2:$E$101,A37,Données!$L$2:$L$101)-D33-D34-D35-D36 -> 147437500 | E37: =SUMIF(Données!$E$2:$E$101,A37,Données!$M$2:$M$101)+SUMIF(Données!$E$2:$E$101,A37,Données!$N$2:$N$101)+SUMIF(Données!$E$2:$E$101,A37,Données!$O$2:$O$101)-E33-E34-E35-E36 -> 11962166 | F37: =E37/D37 -> 0.081133809 | G37: =D37/SUM(Données!$L$2:$L$101) -> 0.063048134 | H37: Autres (13 créateurs)
A38: Animaux | B38: 6 | C38: TND-003 | D38: =SUMIF(Données!$C$2:$C$101,C38,Données!$L$2:$L$101) -> 45100000 | E38: =SUMIF(Données!$C$2:$C$101,C38,Données!$M$2:$M$101)+SUMIF(Données!$C$2:$C$101,C38,Données!$N$2:$N$101)+SUMIF(Données!$C$2:$C$101,C38,Données!$O$2:$O$101) -> 4429000 | F38: =E38/D38 -> 0.098203991 | G38: =D38/SUM(Données!$L$2:$L$101) -> 0.01928594 | H38: Compte TND-003
A39: Animaux | B39: 7 | C39: TND-037 | D39: =SUMIF(Données!$C$2:$C$101,C39,Données!$L$2:$L$101) -> 13200000 | E39: =SUMIF(Données!$C$2:$C$101,C39,Données!$M$2:$M$101)+SUMIF(Données!$C$2:$C$101,C39,Données!$N$2:$N$101)+SUMIF(Données!$C$2:$C$101,C39,Données!$O$2:$O$101) -> 2368300 | F39: =E39/D39 -> 0.17941667 | G39: =D39/SUM(Données!$L$2:$L$101) -> 0.0056446655 | H39: TND-037
A40: Animaux | B40: 8 | C40: TND-014 | D40: =SUMIF(Données!$C$2:$C$101,C40,Données!$L$2:$L$101) -> 11400000 | E40: =SUMIF(Données!$C$2:$C$101,C40,Données!$M$2:$M$101)+SUMIF(Données!$C$2:$C$101,C40,Données!$N$2:$N$101)+SUMIF(Données!$C$2:$C$101,C40,Données!$O$2:$O$101) -> 2235300 | F40: =E40/D40 -> 0.19607895 | G40: =D40/SUM(Données!$L$2:$L$101) -> 0.0048749384 | H40: TND-014
A41: Animaux | B41: 9 | C41: — | D41: =SUMIF(Données!$E$2:$E$101,A41,Données!$L$2:$L$101)-D38-D39-D40 -> 81491300 | E41: =SUMIF(Données!$E$2:$E$101,A41,Données!$M$2:$M$101)+SUMIF(Données!$E$2:$E$101,A41,Données!$N$2:$N$101)+SUMIF(Données!$E$2:$E$101,A41,Données!$O$2:$O$101)-E38-E39-E40 -> 8741855 | F41: =E41/D41 -> 0.10727348 | G41: =D41/SUM(Données!$L$2:$L$101) -> 0.034847813 | H41: Autres (14 créateurs)
A42: Famille & enfants | B42: 10 | C42: TND-008 | D42: =SUMIF(Données!$C$2:$C$101,C42,Données!$L$2:$L$101) -> 79800000 | E42: =SUMIF(Données!$C$2:$C$101,C42,Données!$M$2:$M$101)+SUMIF(Données!$C$2:$C$101,C42,Données!$N$2:$N$101)+SUMIF(Données!$C$2:$C$101,C42,Données!$O$2:$O$101) -> 6120800 | F42: =E42/D42 -> 0.076701754 | G42: =D42/SUM(Données!$L$2:$L$101) -> 0.034124569 | H42: Compte TND-008
A43: Famille & enfants | B43: 11 | C43: TND-033 | D43: =SUMIF(Données!$C$2:$C$101,C43,Données!$L$2:$L$101) -> 56300000 | E43: =SUMIF(Données!$C$2:$C$101,C43,Données!$M$2:$M$101)+SUMIF(Données!$C$2:$C$101,C43,Données!$N$2:$N$101)+SUMIF(Données!$C$2:$C$101,C43,Données!$O$2:$O$101) -> 8766600 | F43: =E43/D43 -> 0.15571226 | G43: =D43/SUM(Données!$L$2:$L$101) -> 0.024075354 | H43: Compte TND-033
A44: Famille & enfants | B44: 12 | C44: TND-052 | D44: =SUMIF(Données!$C$2:$C$101,C44,Données!$L$2:$L$101) -> 33500000 | E44: =SUMIF(Données!$C$2:$C$101,C44,Données!$M$2:$M$101)+SUMIF(Données!$C$2:$C$101,C44,Données!$N$2:$N$101)+SUMIF(Données!$C$2:$C$101,C44,Données!$O$2:$O$101) -> 5711200 | F44: =E44/D44 -> 0.17048358 | G44: =D44/SUM(Données!$L$2:$L$101) -> 0.014325477 | H44: TND-052
A45: Famille & enfants | B45: 13 | C45: TND-023 | D45: =SUMIF(Données!$C$2:$C$101,C45,Données!$L$2:$L$101) -> 32200000 | E45: =SUMIF(Données!$C$2:$C$101,C45,Données!$M$2:$M$101)+SUMIF(Données!$C$2:$C$101,C45,Données!$N$2:$N$101)+SUMIF(Données!$C$2:$C$101,C45,Données!$O$2:$O$101) -> 5308300 | F45: =E45/D45 -> 0.16485404 | G45: =D45/SUM(Données!$L$2:$L$101) -> 0.013769563 | H45: TND-023
A46: Famille & enfants | B46: 14 | C46: TND-030 | D46: =SUMIF(Données!$C$2:$C$101,C46,Données!$L$2:$L$101) -> 25000000 | E46: =SUMIF(Données!$C$2:$C$101,C46,Données!$M$2:$M$101)+SUMIF(Données!$C$2:$C$101,C46,Données!$N$2:$N$101)+SUMIF(Données!$C$2:$C$101,C46,Données!$O$2:$O$101) -> 4154400 | F46: =E46/D46 -> 0.166176 | G46: =D46/SUM(Données!$L$2:$L$101) -> 0.010690654 | H46: TND-030
A47: Famille & enfants | B47: 15 | C47: — | D47: =SUMIF(Données!$E$2:$E$101,A47,Données!$L$2:$L$101)-D42-D43-D44-D45-D46 -> 57700000 | E47: =SUMIF(Données!$E$2:$E$101,A47,Données!$M$2:$M$101)+SUMIF(Données!$E$2:$E$101,A47,Données!$N$2:$N$101)+SUMIF(Données!$E$2:$E$101,A47,Données!$O$2:$O$101)-E42-E43-E44-E45-E46 -> 6180773 | F47: =E47/D47 -> 0.10711912 | G47: =D47/SUM(Données!$L$2:$L$101) -> 0.02467403 | H47: Autres (9 créateurs)
A48: Food & lifestyle | B48: 16 | C48: TND-010 | D48: =SUMIF(Données!$C$2:$C$101,C48,Données!$L$2:$L$101) -> 73900000 | E48: =SUMIF(Données!$C$2:$C$101,C48,Données!$M$2:$M$101)+SUMIF(Données!$C$2:$C$101,C48,Données!$N$2:$N$101)+SUMIF(Données!$C$2:$C$101,C48,Données!$O$2:$O$101) -> 18523600 | F48: =E48/D48 -> 0.25065765 | G48: =D48/SUM(Données!$L$2:$L$101) -> 0.031601574 | H48: TND-010
A49: Food & lifestyle | B49: 17 | C49: TND-067 | D49: =SUMIF(Données!$C$2:$C$101,C49,Données!$L$2:$L$101) -> 24900000 | E49: =SUMIF(Données!$C$2:$C$101,C49,Données!$M$2:$M$101)+SUMIF(Données!$C$2:$C$101,C49,Données!$N$2:$N$101)+SUMIF(Données!$C$2:$C$101,C49,Données!$O$2:$O$101) -> 4030500 | F49: =E49/D49 -> 0.16186747 | G49: =D49/SUM(Données!$L$2:$L$101) -> 0.010647892 | H49: TND-067
A50: Food & lifestyle | B50: 18 | C50: — | D50: =SUMIF(Données!$E$2:$E$101,A50,Données!$L$2:$L$101)-D48-D49 -> 24600000 | E50: =SUMIF(Données!$E$2:$E$101,A50,Données!$M$2:$M$101)+SUMIF(Données!$E$2:$E$101,A50,Données!$N$2:$N$101)+SUMIF(Données!$E$2:$E$101,A50,Données!$O$2:$O$101)-E48-E49 -> 2938324 | F50: =E50/D50 -> 0.11944407 | G50: =D50/SUM(Données!$L$2:$L$101) -> 0.010519604 | H50: Autres (3 créateurs)
A51: Musique & danse | B51: 19 | C51: TND-042 | D51: =SUMIF(Données!$C$2:$C$101,C51,Données!$L$2:$L$101) -> 43200000 | E51: =SUMIF(Données!$C$2:$C$101,C51,Données!$M$2:$M$101)+SUMIF(Données!$C$2:$C$101,C51,Données!$N$2:$N$101)+SUMIF(Données!$C$2:$C$101,C51,Données!$O$2:$O$101) -> 4771300 | F51: =E51/D51 -> 0.11044676 | G51: =D51/SUM(Données!$L$2:$L$101) -> 0.018473451 | H51: Compte TND-042
A52: Musique & danse | B52: 20 | C52: TND-001 | D52: =SUMIF(Données!$C$2:$C$101,C52,Données!$L$2:$L$101) -> 26700000 | E52: =SUMIF(Données!$C$2:$C$101,C52,Données!$M$2:$M$101)+SUMIF(Données!$C$2:$C$101,C52,Données!$N$2:$N$101)+SUMIF(Données!$C$2:$C$101,C52,Données!$O$2:$O$101) -> 9636500 | F52: =E52/D52 -> 0.3609176 | G52: =D52/SUM(Données!$L$2:$L$101) -> 0.011417619 | H52: @bts_official_bighit
A53: Musique & danse | B53: 21 | C53: — | D53: =SUMIF(Données!$E$2:$E$101,A53,Données!$L$2:$L$101)-D51-D52 -> 30200000 | E53: =SUMIF(Données!$E$2:$E$101,A53,Données!$M$2:$M$101)+SUMIF(Données!$E$2:$E$101,A53,Données!$N$2:$N$101)+SUMIF(Données!$E$2:$E$101,A53,Données!$O$2:$O$101)-E51-E52 -> 3038004 | F53: =E53/D53 -> 0.10059616 | G53: =D53/SUM(Données!$L$2:$L$101) -> 0.01291431 | H53: Autres (2 créateurs)
A54: Non classé | B54: 22 | C54: TND-051 | D54: =SUMIF(Données!$C$2:$C$101,C54,Données!$L$2:$L$101) -> 222300000 | E54: =SUMIF(Données!$C$2:$C$101,C54,Données!$M$2:$M$101)+SUMIF(Données!$C$2:$C$101,C54,Données!$N$2:$N$101)+SUMIF(Données!$C$2:$C$101,C54,Données!$O$2:$O$101) -> 31600000 | F54: =E54/D54 -> 0.14215025 | G54: =D54/SUM(Données!$L$2:$L$101) -> 0.095061298 | H54: Compte TND-051
A55: Non classé | B55: 23 | C55: TND-073 | D55: =SUMIF(Données!$C$2:$C$101,C55,Données!$L$2:$L$101) -> 200200000 | E55: =SUMIF(Données!$C$2:$C$101,C55,Données!$M$2:$M$101)+SUMIF(Données!$C$2:$C$101,C55,Données!$N$2:$N$101)+SUMIF(Données!$C$2:$C$101,C55,Données!$O$2:$O$101) -> 6298400 | F55: =E55/D55 -> 0.031460539 | G55: =D55/SUM(Données!$L$2:$L$101) -> 0.08561076 | H55: Compte TND-073
A56: Non classé | B56: 24 | C56: TND-028 | D56: =SUMIF(Données!$C$2:$C$101,C56,Données!$L$2:$L$101) -> 141219800 | E56: =SUMIF(Données!$C$2:$C$101,C56,Données!$M$2:$M$101)+SUMIF(Données!$C$2:$C$101,C56,Données!$N$2:$N$101)+SUMIF(Données!$C$2:$C$101,C56,Données!$O$2:$O$101) -> 14414366 | F56: =E56/D56 -> 0.10207043 | G56: =D56/SUM(Données!$L$2:$L$101) -> 0.060389283 | H56: Compte TND-028
A57: Non classé | B57: 25 | C57: TND-013 | D57: =SUMIF(Données!$C$2:$C$101,C57,Données!$L$2:$L$101) -> 109300000 | E57: =SUMIF(Données!$C$2:$C$101,C57,Données!$M$2:$M$101)+SUMIF(Données!$C$2:$C$101,C57,Données!$N$2:$N$101)+SUMIF(Données!$C$2:$C$101,C57,Données!$O$2:$O$101) -> 13120745 | F57: =E57/D57 -> 0.12004341 | G57: =D57/SUM(Données!$L$2:$L$101) -> 0.046739541 | H57: Compte TND-013
A58: Non classé | B58: 26 | C58: TND-053 | D58: =SUMIF(Données!$C$2:$C$101,C58,Données!$L$2:$L$101) -> 54300000 | E58: =SUMIF(Données!$C$2:$C$101,C58,Données!$M$2:$M$101)+SUMIF(Données!$C$2:$C$101,C58,Données!$N$2:$N$101)+SUMIF(Données!$C$2:$C$101,C58,Données!$O$2:$O$101) -> 4235100 | F58: =E58/D58 -> 0.077994475 | G58: =D58/SUM(Données!$L$2:$L$101) -> 0.023220101 | H58: Compte TND-053
A59: Non classé | B59: 27 | C59: TND-071 | D59: =SUMIF(Données!$C$2:$C$101,C59,Données!$L$2:$L$101) -> 50500000 | E59: =SUMIF(Données!$C$2:$C$101,C59,Données!$M$2:$M$101)+SUMIF(Données!$C$2:$C$101,C59,Données!$N$2:$N$101)+SUMIF(Données!$C$2:$C$101,C59,Données!$O$2:$O$101) -> 10026200 | F59: =E59/D59 -> 0.19853861 | G59: =D59/SUM(Données!$L$2:$L$101) -> 0.021595122 | H59: TND-071
A60: Non classé | B60: 28 | C60: TND-039 | D60: =SUMIF(Données!$C$2:$C$101,C60,Données!$L$2:$L$101) -> 14100000 | E60: =SUMIF(Données!$C$2:$C$101,C60,Données!$M$2:$M$101)+SUMIF(Données!$C$2:$C$101,C60,Données!$N$2:$N$101)+SUMIF(Données!$C$2:$C$101,C60,Données!$O$2:$O$101) -> 3355900 | F60: =E60/D60 -> 0.23800709 | G60: =D60/SUM(Données!$L$2:$L$101) -> 0.006029529 | H60: TND-039
A61: Non classé | B61: 29 | C61: TND-044 | D61: =SUMIF(Données!$C$2:$C$101,C61,Données!$L$2:$L$101) -> 10500000 | E61: =SUMIF(Données!$C$2:$C$101,C61,Données!$M$2:$M$101)+SUMIF(Données!$C$2:$C$101,C61,Données!$N$2:$N$101)+SUMIF(Données!$C$2:$C$101,C61,Données!$O$2:$O$101) -> 1954600 | F61: =E61/D61 -> 0.18615238 | G61: =D61/SUM(Données!$L$2:$L$101) -> 0.0044900748 | H61: TND-044
A62: Non classé | B62: 30 | C62: — | D62: =SUMIF(Données!$E$2:$E$101,A62,Données!$L$2:$L$101)-D54-D55-D56-D57-D58-D59-D60-D61 -> 272442500 | E62: =SUMIF(Données!$E$2:$E$101,A62,Données!$M$2:$M$101)+SUMIF(Données!$E$2:$E$101,A62,Données!$N$2:$N$101)+SUMIF(Données!$E$2:$E$101,A62,Données!$O$2:$O$101)-E54-E55-E56-E57-E58-E59-E60-E61 -> 26520267 | F62: =E62/D62 -> 0.097342621 | G62: =D62/SUM(Données!$L$2:$L$101) -> 0.11650354 | H62: Autres (19 créateurs)
A63: Total | D63: =SUM(D33:D62) -> 2338491100 | E63: =SUM(E33:E62) -> 278424734 | F63: =E63/D63 -> 0.1190617 | G63: =SUM(G33:G62) -> 1

Sheet TreeMap
A1: TreeMap : qui pèse le plus, et dans quelle catégorie
A2: Lecture : la TAILLE d’un carré = vues cumulées du créateur (portée) ; la COULEUR = catégorie de contenu ; le texte indique le taux d’engagement. Un grand carré n’est pas forcément un bon engagement : comparer les deux. Détail chiffré : onglet Catégories, section B.
B4: Autres (19 cr.) 272 M · 9,7 % | R4: Compte TND-051 222 M · 14,2 % | AE4: Compte TND-049 165 M · 10,8 % | AV4: Compte TND-008 80 M · 7,7 % | BE4: Compte TND-033 56 M · 16 %
BE9: TND-052 34 M · 17 % | BK9: TND-030 17 %
AV12: Autres (9 cr.) 58 M · 11 %
AE13: Autres (13 cr.) 147 M · 8,1 % | AO13: Compte TND-060 106 M · 14,8 %
BE14: TND-023 16 %
AV18: Autres (14 cr.) 81 M · 10,7 % | BF18: TND-010 74 M · 25 %
B19: Compte TND-073 200 M · 3,1 % | L19: Compte TND-028 141 M · 10,2 % | Y19: Compte TND-053 54 M · 8 %
AV25: Compte TND-003 45 M · 10 % | BB25: TND-037 18 %
Y26: TND-071 50 M · 20 % | AE26: Compte TND-004 101 M · 12,2 % | AN26: Compte TND-057 84 M · 14,4 % | BF26: TND-067 16 % | BJ26: Autres (3 cr.) 12 %
L28: Compte TND-013 109 M · 12,0 % | BB28: TND-014 20 %
AV31: Compte TND-042 43 M · 11 % | BD31: Autres (2 cr.) 10 % | BI31: @bts_official_bighit 36 %
Y33: TND-039 24 % | AC33: n°29
B37: Légende (couleur = catégorie ; entre parenthèses : part des vues du TreeMap)
E38: Humour & sketchs (26 %) | Z38: Animaux (6 %) | AU38: Famille & enfants (12 %)
E39: Food & lifestyle (5 %) | Z39: Musique & danse (4 %) | AU39: Non classé (46 %)
B41: Note : la disposition des carrés est calculée à partir des vues cumulées au moment de la construction du fichier ; les valeurs exactes se lisent dans l’onglet Catégories (section B). Les carrés trop petits portent un numéro (n°) qui renvoie à cette table.

Sheet Contacts
A1: Qui contacter : créateurs prioritaires d’après les analyses
A2: Sélection par règles chiffrées, sans donnée externe. Seuls les @noms des créateurs retenus ici sont communiqués.
A4: RÈGLES DE SÉLECTION
A5: ="A. Tendance : taux d’engagement cumulé ≥ 1,5 × la médiane ("&ROUND(1.5*Succès!E10*100,1)&" %) ET vues cumulées ≥ médiane d’une vidéo ("&ROUND(Succès!D10/1000000,1)&" M). Classés par engagement." -> A. Tendance : taux d’engagement cumulé ≥ 1,5 × la médiane (16 %) ET vues cumulées ≥ médiane d’une vidéo (10,4 M). Classés par engagement.
A6: ="B. Hashtag humour : taux d’engagement ≥ médiane du fichier ("&ROUND(Succès!E13*100,1)&" %) ET moins de 5 M d’abonnés : la taille de l’audience n’est pas ce qui fait le succès. Top 8 par engagement." -> B. Hashtag humour : taux d’engagement ≥ médiane du fichier (16,3 %) ET moins de 5 M d’abonnés : la taille de l’audience n’est pas ce qui fait le succès. Top 8 par engagement.
A8: A. CRÉATEURS EN TENDANCE À SUCCÈS CONFIRMÉ
A9: N° | B9: Compte | C9: Thème | D9: Nb vidéos | E9: Vues cumulées | F9: Taux d’engagement | G9: × médiane du fichier | H9: Compte vérifié | I9: Pourquoi le contacter | J9: Point de vigilance | K9: Réf. interne
A10: 1 | B10: @bts_official_bighit | C10: =INDEX(Données!$E$2:$E$101,MATCH(K10,Données!$C$2:$C$101,0)) -> Musique & danse | D10: =COUNTIF(Données!$C$2:$C$101,K10) -> 2 | E10: =SUMIF(Données!$C$2:$C$101,K10,Données!$L$2:$L$101) -> 26700000 | F10: =(SUMIF(Données!$C$2:$C$101,K10,Données!$M$2:$M$101)+SUMIF(Données!$C$2:$C$101,K10,Données!$N$2:$N$101)+SUMIF(Données!$C$2:$C$101,K10,Données!$O$2:$O$101))/E10 -> 0.3609176 | G10: =F10/Succès!$E$10 -> 3.3802707 | H10: =INDEX(Données!$F$2:$F$101,MATCH(K10,Données!$C$2:$C$101,0)) -> Oui | I10: 36,1 % d’engagement (3,4× la médiane), 27 M de vues sur 2 vidéos en tendance : régulier. | J10: Le nom du compte contient « official » : probablement une organisation, pas un créateur indépendant. Compte vérifié : vérifier qui gère les partenariats. | K10: TND-001
A11: 2 | B11: TND-010 | C11: =INDEX(Données!$E$2:$E$101,MATCH(K11,Données!$C$2:$C$101,0)) -> Food & lifestyle | D11: =COUNTIF(Données!$C$2:$C$101,K11) -> 3 | E11: =SUMIF(Données!$C$2:$C$101,K11,Données!$L$2:$L$101) -> 73900000 | F11: =(SUMIF(Données!$C$2:$C$101,K11,Données!$M$2:$M$101)+SUMIF(Données!$C$2:$C$101,K11,Données!$N$2:$N$101)+SUMIF(Données!$C$2:$C$101,K11,Données!$O$2:$O$101))/E11 -> 0.25065765 | G11: =F11/Succès!$E$10 -> 2.3476015 | H11: =INDEX(Données!$F$2:$F$101,MATCH(K11,Données!$C$2:$C$101,0)) -> Oui | I11: 25,1 % d’engagement (2,3× la médiane), 74 M de vues sur 3 vidéos en tendance : régulier. | J11: Compte vérifié : vérifier qui gère les partenariats. | K11: TND-010
A12: 3 | B12: TND-039 | C12: =INDEX(Données!$E$2:$E$101,MATCH(K12,Données!$C$2:$C$101,0)) -> Non classé | D12: =COUNTIF(Données!$C$2:$C$101,K12) -> 1 | E12: =SUMIF(Données!$C$2:$C$101,K12,Données!$L$2:$L$101) -> 14100000 | F12: =(SUMIF(Données!$C$2:$C$101,K12,Données!$M$2:$M$101)+SUMIF(Données!$C$2:$C$101,K12,Données!$N$2:$N$101)+SUMIF(Données!$C$2:$C$101,K12,Données!$O$2:$O$101))/E12 -> 0.23800709 | G12: =F12/Succès!$E$10 -> 2.2291193 | H12: =INDEX(Données!$F$2:$F$101,MATCH(K12,Données!$C$2:$C$101,0)) -> Inconnu | I12: 23,8 % d’engagement (2,2× la médiane), 14 M de vues sur 1 vidéo en tendance. | J12: Statut vérifié non disponible dans les extraits. | K12: TND-039
A13: 4 | B13: TND-071 | C13: =INDEX(Données!$E$2:$E$101,MATCH(K13,Données!$C$2:$C$101,0)) -> Non classé | D13: =COUNTIF(Données!$C$2:$C$101,K13) -> 1 | E13: =SUMIF(Données!$C$2:$C$101,K13,Données!$L$2:$L$101) -> 50500000 | F13: =(SUMIF(Données!$C$2:$C$101,K13,Données!$M$2:$M$101)+SUMIF(Données!$C$2:$C$101,K13,Données!$N$2:$N$101)+SUMIF(Données!$C$2:$C$101,K13,Données!$O$2:$O$101))/E13 -> 0.19853861 | G13: =F13/Succès!$E$10 -> 1.8594667 | H13: =INDEX(Données!$F$2:$F$101,MATCH(K13,Données!$C$2:$C$101,0)) -> Non | I13: 19,9 % d’engagement (1,9× la médiane), 50 M de vues sur 1 vidéo en tendance. | J13: Vérifier l’âge du créateur avant tout contact. | K13: TND-071
A14: 5 | B14: TND-014 | C14: =INDEX(Données!$E$2:$E$101,MATCH(K14,Données!$C$2:$C$101,0)) -> Animaux | D14: =COUNTIF(Données!$C$2:$C$101,K14) -> 1 | E14: =SUMIF(Données!$C$2:$C$101,K14,Données!$L$2:$L$101) -> 11400000 | F14: =(SUMIF(Données!$C$2:$C$101,K14,Données!$M$2:$M$101)+SUMIF(Données!$C$2:$C$101,K14,Données!$N$2:$N$101)+SUMIF(Données!$C$2:$C$101,K14,Données!$O$2:$O$101))/E14 -> 0.19607895 | G14: =F14/Succès!$E$10 -> 1.83643 | H14: =INDEX(Données!$F$2:$F$101,MATCH(K14,Données!$C$2:$C$101,0)) -> Non | I14: 19,6 % d’engagement (1,8× la médiane), 11 M de vues sur 1 vidéo en tendance. | J14: Vérifier l’âge du créateur avant tout contact. | K14: TND-014
A15: 6 | B15: TND-044 | C15: =INDEX(Données!$E$2:$E$101,MATCH(K15,Données!$C$2:$C$101,0)) -> Non classé | D15: =COUNTIF(Données!$C$2:$C$101,K15) -> 1 | E15: =SUMIF(Données!$C$2:$C$101,K15,Données!$L$2:$L$101) -> 10500000 | F15: =(SUMIF(Données!$C$2:$C$101,K15,Données!$M$2:$M$101)+SUMIF(Données!$C$2:$C$101,K15,Données!$N$2:$N$101)+SUMIF(Données!$C$2:$C$101,K15,Données!$O$2:$O$101))/E15 -> 0.18615238 | G15: =F15/Succès!$E$10 -> 1.7434601 | H15: =INDEX(Données!$F$2:$F$101,MATCH(K15,Données!$C$2:$C$101,0)) -> Inconnu | I15: 18,6 % d’engagement (1,7× la médiane), 10 M de vues sur 1 vidéo en tendance. | J15: Statut vérifié non disponible dans les extraits. | K15: TND-044
A16: 7 | B16: TND-037 | C16: =INDEX(Données!$E$2:$E$101,MATCH(K16,Données!$C$2:$C$101,0)) -> Animaux | D16: =COUNTIF(Données!$C$2:$C$101,K16) -> 1 | E16: =SUMIF(Données!$C$2:$C$101,K16,Données!$L$2:$L$101) -> 13200000 | F16: =(SUMIF(Données!$C$2:$C$101,K16,Données!$M$2:$M$101)+SUMIF(Données!$C$2:$C$101,K16,Données!$N$2:$N$101)+SUMIF(Données!$C$2:$C$101,K16,Données!$O$2:$O$101))/E16 -> 0.17941667 | G16: =F16/Succès!$E$10 -> 1.6803749 | H16: =INDEX(Données!$F$2:$F$101,MATCH(K16,Données!$C$2:$C$101,0)) -> Oui | I16: 17,9 % d’engagement (1,7× la médiane), 13 M de vues sur 1 vidéo en tendance. | J16: Compte vérifié : vérifier qui gère les partenariats. | K16: TND-037
A17: 8 | B17: TND-052 | C17: =INDEX(Données!$E$2:$E$101,MATCH(K17,Données!$C$2:$C$101,0)) -> Famille & enfants | D17: =COUNTIF(Données!$C$2:$C$101,K17) -> 1 | E17: =SUMIF(Données!$C$2:$C$101,K17,Données!$L$2:$L$101) -> 33500000 | F17: =(SUMIF(Données!$C$2:$C$101,K17,Données!$M$2:$M$101)+SUMIF(Données!$C$2:$C$101,K17,Données!$N$2:$N$101)+SUMIF(Données!$C$2:$C$101,K17,Données!$O$2:$O$101))/E17 -> 0.17048358 | G17: =F17/Succès!$E$10 -> 1.5967097 | H17: =INDEX(Données!$F$2:$F$101,MATCH(K17,Données!$C$2:$C$101,0)) -> Non | I17: 17,0 % d’engagement (1,6× la médiane), 34 M de vues sur 1 vidéo en tendance. | J17: Contenu famille : vérifier l’âge des personnes filmées et le consentement. | K17: TND-052
A18: 9 | B18: TND-030 | C18: =INDEX(Données!$E$2:$E$101,MATCH(K18,Données!$C$2:$C$101,0)) -> Famille & enfants | D18: =COUNTIF(Données!$C$2:$C$101,K18) -> 1 | E18: =SUMIF(Données!$C$2:$C$101,K18,Données!$L$2:$L$101) -> 25000000 | F18: =(SUMIF(Données!$C$2:$C$101,K18,Données!$M$2:$M$101)+SUMIF(Données!$C$2:$C$101,K18,Données!$N$2:$N$101)+SUMIF(Données!$C$2:$C$101,K18,Données!$O$2:$O$101))/E18 -> 0.166176 | G18: =F18/Succès!$E$10 -> 1.5563659 | H18: =INDEX(Données!$F$2:$F$101,MATCH(K18,Données!$C$2:$C$101,0)) -> Inconnu | I18: 16,6 % d’engagement (1,6× la médiane), 25 M de vues sur 1 vidéo en tendance. | J18: Statut vérifié non disponible dans les extraits. Contenu famille : vérifier l’âge des personnes filmées et le consentement. | K18: TND-030
A19: 10 | B19: TND-023 | C19: =INDEX(Données!$E$2:$E$101,MATCH(K19,Données!$C$2:$C$101,0)) -> Famille & enfants | D19: =COUNTIF(Données!$C$2:$C$101,K19) -> 1 | E19: =SUMIF(Données!$C$2:$C$101,K19,Données!$L$2:$L$101) -> 32200000 | F19: =(SUMIF(Données!$C$2:$C$101,K19,Données!$M$2:$M$101)+SUMIF(Données!$C$2:$C$101,K19,Données!$N$2:$N$101)+SUMIF(Données!$C$2:$C$101,K19,Données!$O$2:$O$101))/E19 -> 0.16485404 | G19: =F19/Succès!$E$10 -> 1.5439847 | H19: =INDEX(Données!$F$2:$F$101,MATCH(K19,Données!$C$2:$C$101,0)) -> Non | I19: 16,5 % d’engagement (1,5× la médiane), 32 M de vues sur 1 vidéo en tendance. | J19: Contenu famille : vérifier l’âge des personnes filmées et le consentement. | K19: TND-023
A20: 11 | B20: TND-067 | C20: =INDEX(Données!$E$2:$E$101,MATCH(K20,Données!$C$2:$C$101,0)) -> Food & lifestyle | D20: =COUNTIF(Données!$C$2:$C$101,K20) -> 1 | E20: =SUMIF(Données!$C$2:$C$101,K20,Données!$L$2:$L$101) -> 24900000 | F20: =(SUMIF(Données!$C$2:$C$101,K20,Données!$M$2:$M$101)+SUMIF(Données!$C$2:$C$101,K20,Données!$N$2:$N$101)+SUMIF(Données!$C$2:$C$101,K20,Données!$O$2:$O$101))/E20 -> 0.16186747 | G20: =F20/Succès!$E$10 -> 1.5160132 | H20: =INDEX(Données!$F$2:$F$101,MATCH(K20,Données!$C$2:$C$101,0)) -> Inconnu | I20: 16,2 % d’engagement (1,5× la médiane), 25 M de vues sur 1 vidéo en tendance. | J20: Statut vérifié non disponible dans les extraits. | K20: TND-067
A22: B. PETITS ET MOYENS COMPTES À FORT ENGAGEMENT (hashtag humour)
A23: N° | B23: Compte | C23: Abonnés | D23: Nb vidéos | E23: Vues | F23: Taux d’engagement | G23: × médiane du fichier | H23: Compte vérifié | I23: Pourquoi le contacter | J23: Point de vigilance | K23: Réf. interne
A24: 1 | B24: HSH-042 | C24: =INDEX(Données!$G$302:$G$401,MATCH(K24,Données!$C$302:$C$401,0)) -> 499800 | D24: =COUNTIF(Données!$C$302:$C$401,K24) -> 1 | E24: =SUMIF(Données!$C$302:$C$401,K24,Données!$L$302:$L$401) -> 28800000 | F24: =(SUMIF(Données!$C$302:$C$401,K24,Données!$M$302:$M$401)+SUMIF(Données!$C$302:$C$401,K24,Données!$N$302:$N$401)+SUMIF(Données!$C$302:$C$401,K24,Données!$O$302:$O$401))/E24 -> 0.29521528 | G24: =F24/Succès!$E$13 -> 1.8057392 | H24: =INDEX(Données!$F$302:$F$401,MATCH(K24,Données!$C$302:$C$401,0)) -> Non | I24: 29,5 % d’engagement (1,8× la médiane du fichier) pour 500 k abonnés : 58 vues par abonné. | J24: Vérifier l’âge du créateur avant tout contact. | K24: HSH-042
A25: 2 | B25: HSH-077 | C25: =INDEX(Données!$G$302:$G$401,MATCH(K25,Données!$C$302:$C$401,0)) -> 958100 | D25: =COUNTIF(Données!$C$302:$C$401,K25) -> 1 | E25: =SUMIF(Données!$C$302:$C$401,K25,Données!$L$302:$L$401) -> 27700000 | F25: =(SUMIF(Données!$C$302:$C$401,K25,Données!$M$302:$M$401)+SUMIF(Données!$C$302:$C$401,K25,Données!$N$302:$N$401)+SUMIF(Données!$C$302:$C$401,K25,Données!$O$302:$O$401))/E25 -> 0.25846209 | G25: =F25/Succès!$E$13 -> 1.5809315 | H25: =INDEX(Données!$F$302:$F$401,MATCH(K25,Données!$C$302:$C$401,0)) -> Non | I25: 25,8 % d’engagement (1,6× la médiane du fichier) pour 958 k abonnés : 29 vues par abonné. | J25: Vérifier l’âge du créateur avant tout contact. | K25: HSH-077
A26: 3 | B26: HSH-013 | C26: =INDEX(Données!$G$302:$G$401,MATCH(K26,Données!$C$302:$C$401,0)) -> 144200 | D26: =COUNTIF(Données!$C$302:$C$401,K26) -> 1 | E26: =SUMIF(Données!$C$302:$C$401,K26,Données!$L$302:$L$401) -> 46100000 | F26: =(SUMIF(Données!$C$302:$C$401,K26,Données!$M$302:$M$401)+SUMIF(Données!$C$302:$C$401,K26,Données!$N$302:$N$401)+SUMIF(Données!$C$302:$C$401,K26,Données!$O$302:$O$401))/E26 -> 0.25637093 | G26: =F26/Succès!$E$13 -> 1.5681405 | H26: =INDEX(Données!$F$302:$F$401,MATCH(K26,Données!$C$302:$C$401,0)) -> Non | I26: 25,6 % d’engagement (1,6× la médiane du fichier) pour 144 k abonnés : 320 vues par abonné. | J26: Vérifier l’âge du créateur avant tout contact. | K26: HSH-013
A27: 4 | B27: HSH-057 | C27: =INDEX(Données!$G$302:$G$401,MATCH(K27,Données!$C$302:$C$401,0)) -> 1300000 | D27: =COUNTIF(Données!$C$302:$C$401,K27) -> 1 | E27: =SUMIF(Données!$C$302:$C$401,K27,Données!$L$302:$L$401) -> 34000000 | F27: =(SUMIF(Données!$C$302:$C$401,K27,Données!$M$302:$M$401)+SUMIF(Données!$C$302:$C$401,K27,Données!$N$302:$N$401)+SUMIF(Données!$C$302:$C$401,K27,Données!$O$302:$O$401))/E27 -> 0.23399706 | G27: =F27/Succès!$E$13 -> 1.4312865 | H27: =INDEX(Données!$F$302:$F$401,MATCH(K27,Données!$C$302:$C$401,0)) -> Non | I27: 23,4 % d’engagement (1,4× la médiane du fichier) pour 1,30 M abonnés : 26 vues par abonné. | J27: Vérifier l’âge du créateur avant tout contact. | K27: HSH-057
A28: 5 | B28: HSH-009 | C28: =INDEX(Données!$G$302:$G$401,MATCH(K28,Données!$C$302:$C$401,0)) -> 168400 | D28: =COUNTIF(Données!$C$302:$C$401,K28) -> 1 | E28: =SUMIF(Données!$C$302:$C$401,K28,Données!$L$302:$L$401) -> 59400000 | F28: =(SUMIF(Données!$C$302:$C$401,K28,Données!$M$302:$M$401)+SUMIF(Données!$C$302:$C$401,K28,Données!$N$302:$N$401)+SUMIF(Données!$C$302:$C$401,K28,Données!$O$302:$O$401))/E28 -> 0.23341077 | G28: =F28/Succès!$E$13 -> 1.4277004 | H28: =INDEX(Données!$F$302:$F$401,MATCH(K28,Données!$C$302:$C$401,0)) -> Non | I28: 23,3 % d’engagement (1,4× la médiane du fichier) pour 168 k abonnés : 353 vues par abonné. | J28: Vérifier l’âge du créateur avant tout contact. | K28: HSH-009
A29: 6 | B29: HSH-018 | C29: =INDEX(Données!$G$302:$G$401,MATCH(K29,Données!$C$302:$C$401,0)) -> 1000000 | D29: =COUNTIF(Données!$C$302:$C$401,K29) -> 1 | E29: =SUMIF(Données!$C$302:$C$401,K29,Données!$L$302:$L$401) -> 44200000 | F29: =(SUMIF(Données!$C$302:$C$401,K29,Données!$M$302:$M$401)+SUMIF(Données!$C$302:$C$401,K29,Données!$N$302:$N$401)+SUMIF(Données!$C$302:$C$401,K29,Données!$O$302:$O$401))/E29 -> 0.23197964 | G29: =F29/Succès!$E$13 -> 1.4189466 | H29: =INDEX(Données!$F$302:$F$401,MATCH(K29,Données!$C$302:$C$401,0)) -> Non | I29: 23,2 % d’engagement (1,4× la médiane du fichier) pour 1,00 M abonnés : 44 vues par abonné. | J29: Vérifier l’âge du créateur avant tout contact. | K29: HSH-018
A30: 7 | B30: HSH-025 | C30: =INDEX(Données!$G$302:$G$401,MATCH(K30,Données!$C$302:$C$401,0)) -> 158600 | D30: =COUNTIF(Données!$C$302:$C$401,K30) -> 1 | E30: =SUMIF(Données!$C$302:$C$401,K30,Données!$L$302:$L$401) -> 42800000 | F30: =(SUMIF(Données!$C$302:$C$401,K30,Données!$M$302:$M$401)+SUMIF(Données!$C$302:$C$401,K30,Données!$N$302:$N$401)+SUMIF(Données!$C$302:$C$401,K30,Données!$O$302:$O$401))/E30 -> 0.22969159 | G30: =F30/Succès!$E$13 -> 1.4049513 | H30: =INDEX(Données!$F$302:$F$401,MATCH(K30,Données!$C$302:$C$401,0)) -> Non | I30: 23,0 % d’engagement (1,4× la médiane du fichier) pour 159 k abonnés : 270 vues par abonné. | J30: Vérifier l’âge du créateur avant tout contact. | K30: HSH-025
A31: 8 | B31: HSH-067 | C31: =INDEX(Données!$G$302:$G$401,MATCH(K31,Données!$C$302:$C$401,0)) -> 74300 | D31: =COUNTIF(Données!$C$302:$C$401,K31) -> 1 | E31: =SUMIF(Données!$C$302:$C$401,K31,Données!$L$302:$L$401) -> 31500000 | F31: =(SUMIF(Données!$C$302:$C$401,K31,Données!$M$302:$M$401)+SUMIF(Données!$C$302:$C$401,K31,Données!$N$302:$N$401)+SUMIF(Données!$C$302:$C$401,K31,Données!$O$302:$O$401))/E31 -> 0.22853016 | G31: =F31/Succès!$E$13 -> 1.3978472 | H31: =INDEX(Données!$F$302:$F$401,MATCH(K31,Données!$C$302:$C$401,0)) -> Non | I31: 22,9 % d’engagement (1,4× la médiane du fichier) pour 74 k abonnés : 424 vues par abonné. | J31: Vérifier l’âge du créateur avant tout contact. | K31: HSH-067

Sheet Méthode
A1: Méthode, données personnelles et limites
A2: Ce que le fichier utilise, ce qu’il écarte, et pourquoi.
A3: 1. SOURCES : LES EXTRAITS UTILISÉS
A4: Extrait | B4: Usage | C4: Remarque
A5: trending_videos1 | B5: Fichier principal | C5: 100 vidéos, 84 créateurs : vues, J’aime, commentaires, partages, durée, légende.
A6: trending_authors1 | B6: Statut « vérifié » uniquement | C6: Aucune mesure de performance ; ne couvre que 44 des 100 vidéos en tendance (les autres : « Inconnu »). Biographies, liens, avatars non repris.
A7: tiktok_collected_liked_vide | B7: Contrôle de robustesse | C7: Sélection éditoriale d’un compte : jamais fusionnée avec les autres.
A8: tiktok_collected_videos1 | B8: Repère contenu de marque | C8: Un seul compte (le compte officiel de la plateforme).
A9: tiktok_funny_hashtag_videos | B9: Test de la taille d’audience | C9: Seul fichier avec les abonnés. La colonne « video_stats » est lue comme le nombre de J’aime (ordre de grandeur cohérent avec les vues, toujours ≤ vues).
A11: 2. RÈGLES DE CALCUL
A12: Taux d’engagement | B12: (J’aime + commentaires + partages) ÷ vues. Les compteurs ≥ 1 000 sont arrondis par la plateforme : précision de quelques % près.
A13: Seuils | B13: Médianes de chaque fichier (voir onglet Succès). Aucune comparaison de valeurs absolues entre fichiers.
A14: Catégories | B14: Mots-clés cherchés dans les légendes et hashtags (animaux, famille, nourriture, musique, humour, dans cet ordre de priorité). Le thème d’un créateur est le plus fréquent parmi ses vidéos classées. Aucune attribution manuelle ni connaissance extérieure aux tableaux : classification indicative.
A15: Hashtag générique | B15: Légende contenant #fyp, #foryou, #foryoupage, #viral, #parati, #xyzbca, #fy, #4u, #trending ou #fypシ.
A16: TreeMap | B16: Dessiné en cellules à partir des vues cumulées par créateur (algorithme « squarified »). Les créateurs non retenus pour le contact sont regroupés par catégorie ou désignés par une référence.
A18: 3. DONNÉES PERSONNELLES
A19: Conservé | B19: Version publique : les @ des créateurs sont remplacés par leurs références internes, sauf le compte d’organisation BTS. Version de travail : @ des 19 créateurs proposés au contact (finalité : choisir des partenaires), références anonymes (TND-xxx, AIM-xxx, HSH-xxx) pour tous les autres, mesures de performance agrégées ou par vidéo.
A20: Retiré | B20: Identifiants numériques des comptes, vidéos et musiques, pseudos affichés, biographies, photos de profil, liens vers vidéos, vignettes et sons, légendes complètes, indicateurs de compte privé.
A21: À valider | B21: Les contenus publics restent des données personnelles : valider la finalité et la durée de conservation avec le DPO ; extraction de 2021 à purger ou actualiser.
A23: 4. CE QUE CES DONNÉES NE PEUVENT PAS DIRE
A24: • Aucune vidéo peu performante : les extraits ne contiennent que du contenu mis en avant. On compare des succès entre eux ; on ne sait pas ce qui sépare un succès d’un échec.
A25: • Corrélations, pas causalité : changer un réglage (durée, légende…) ne garantit pas le même résultat.
A26: • Aucun résultat business (ventes, notoriété, coût, sécurité de marque) : l’engagement n’est pas la conversion.
A27: • Instantané de mai à août 2021 ; échantillons de 100 vidéos : écarts entre catégories indicatifs. Abonnés disponibles pour le seul fichier hashtag.

Sheet Données
A1: Source | B1: Réf. vidéo | C1: Réf. créateur | D1: Compte (si retenu pour contact) | E1: Thème du créateur | F1: Compte vérifié | G1: Abonnés | H1: Durée (s) | I1: Nb hashtags | J1: Longueur légende (car.) | K1: Hashtag générique (1/0) | L1: Vues | M1: J’aime | N1: Commentaires | O1: Partages | P1: Taux d’engagement | Q1: Taux de J’aime | R1: Vues par abonné | S1: Profil | T1: Succès complet (1/0)
A2: Tendance | B2: T001 | C2: TND-001 | D2: @bts_official_bighit | E2: Musique & danse | F2: Oui | H2: 18 | I2: 2 | J2: 26 | K2: 0 | L2: 9700000 | M2: 3600000 | N2: 212900 | O2: 109500 | P2: =(M2+N2+O2)/L2 -> 0.40437113 | Q2: =M2/L2 -> 0.37113402 | R2: =IF(G2="","",L2/G2) | S2: =IF(AND(L2>=INDEX(Succès!$D$10:$D$13,MATCH(A2,Succès!$A$10:$A$13,0)),P2>=INDEX(Succès!$E$10:$E$13,MATCH(A2,Succès!$A$10:$A$13,0))),"Succès complet",IF(P2>=INDEX(Succès!$E$10:$E$13,MATCH(A2,Succès!$A$10:$A$13,0)),"Engagé, portée modeste",IF(L2>=INDEX(Succès!$D$10:$D$13,MATCH(A2,Succès!$A$10:$A$13,0)),"Portée sans engagement","Standard"))) -> Engagé, portée modeste | T2: =IF(S2="Succès complet",1,0) -> 0
A3: Tendance | B3: T002 | C3: TND-002 | E3: Humour & sketchs | F3: Inconnu | H3: 9 | I3: 0 | J3: 4 | K3: 0 | L3: 34800000 | M3: 2500000 | N3: 31100 | O3: 233300 | P3: =(M3+N3+O3)/L3 -> 0.079436782 | Q3: =M3/L3 -> 0.07183908 | R3: =IF(G3="","",L3/G3) | S3: =IF(AND(L3>=INDEX(Succès!$D$10:$D$13,MATCH(A3,Succès!$A$10:$A$13,0)),P3>=INDEX(Succès!$E$10:$E$13,MATCH(A3,Succès!$A$10:$A$13,0))),"Succès complet",IF(P3>=INDEX(Succès!$E$10:$E$13,MATCH(A3,Succès!$A$10:$A$13,0)),"Engagé, portée modeste",IF(L3>=INDEX(Succès!$D$10:$D$13,MATCH(A3,Succès!$A$10:$A$13,0)),"Portée sans engagement","Standard"))) -> Portée sans engagement | T3: =IF(S3="Succès complet",1,0) -> 0
A4: Tendance | B4: T003 | C4: TND-003 | E4: Animaux | F4: Non | H4: 10 | I4: 11 | J4: 117 | K4: 1 | L4: 45100000 | M4: 4000000 | N4: 122500 | O4: 306500 | P4: =(M4+N4+O4)/L4 -> 0.098203991 | Q4: =M4/L4 -> 0.088691796 | R4: =IF(G4="","",L4/G4) | S4: =IF(AND(L4>=INDEX(Succès!$D$10:$D$13,MATCH(A4,Succès!$A$10:$A$13,0)),P4>=INDEX(Succès!$E$10:$E$13,MATCH(A4,Succès!$A$10:$A$13,0))),"Succès complet",IF(P4>=INDEX(Succès!$E$10:$E$13,MATCH(A4,Succès!$A$10:$A$13,0)),"Engagé, portée modeste",IF(L4>=INDEX(Succès!$D$10:$D$13,MATCH(A4,Succès!$A$10:$A$13,0)),"Portée sans engagement","Standard"))) -> Portée sans engagement | T4: =IF(S4="Succès complet",1,0) -> 0
A5: Tendance | B5: T004 | C5: TND-004 | E5: Humour & sketchs | F5: Non | H5: 27 | I5: 4 | J5: 69 | K5: 0 | L5: 101200000 | M5: 11300000 | N5: 125200 | O5: 908100 | P5: =(M5+N5+O5)/L5 -> 0.12187055 | Q5: =M5/L5 -> 0.11166008 | R5: =IF(G5="","",L5/G5) | S5: =IF(AND(L5>=INDEX(Succès!$D$10:$D$13,MATCH(A5,Succès!$A$10:$A$13,0)),P5>=INDEX(Succès!$E$10:$E$13,MATCH(A5,Succès!$A$10:$A$13,0))),"Succès complet",IF(P5>=INDEX(Succès!$E$10:$E$13,MATCH(A5,Succès!$A$10:$A$13,0)),"Engagé, portée modeste",IF(L5>=INDEX(Succès!$D$10:$D$13,MATCH(A5,Succès!$A$10:$A$13,0)),"Portée sans engagement","Standard"))) -> Succès complet | T5: =IF(S5="Succès complet",1,0) -> 1
A6: Tendance | B6: T005 | C6: TND-005 | E6: Musique & danse | F6: Oui | H6: 15 | I6: 1 | J6: 20 | K6: 0 | L6: 27900000 | M6: 2700000 | N6: 59700 | O6: 18300 | P6: =(M6+N6+O6)/L6 -> 0.099569892 | Q6: =M6/L6 -> 0.096774194 | R6: =IF(G6="","",L6/G6) | S6: =IF(AND(L6>=INDEX(Succès!$D$10:$D$13,MATCH(A6,Succès!$A$10:$A$13,0)),P6>=INDEX(Succès!$E$10:$E$13,MATCH(A6,Succès!$A$10:$A$13,0))),"Succès complet",IF(P6>=INDEX(Succès!$E$10:$E$13,MATCH(A6,Succès!$A$10:$A$13,0)),"Engagé, portée modeste",IF(L6>=INDEX(Succès!$D$10:$D$13,MATCH(A6,Succès!$A$10:$A$13,0)),"Portée sans engagement","Standard"))) -> Portée sans engagement | T6: =IF(S6="Succès complet",1,0) -> 0
A7: Tendance | B7: T006 | C7: TND-006 | E7: Humour & sketchs | F7: Inconnu | H7: 15 | I7: 11 | J7: 103 | K7: 1 | L7: 14900000 | M7: 616300 | N7: 9206 | O7: 101300 | P7: =(M7+N7+O7)/L7 -> 0.048778926 | Q7: =M7/L7 -> 0.041362416 | R7: =IF(G7="","",L7/G7) | S7: =IF(AND(L7>=INDEX(Succès!$D$10:$D$13,MATCH(A7,Succès!$A$10:$A$13,0)),P7>=INDEX(Succès!$E$10:$E$13,MATCH(A7,Succès!$A$10:$A$13,0))),"Succès complet",IF(P7>=INDEX(Succès!$E$10:$E$13,MATCH(A7,Succès!$A$10:$A$13,0)),"Engagé, portée modeste",IF(L7>=INDEX(Succès!$D$10:$D$13,MATCH(A7,Succès!$A$10:$A$13,0)),"Portée sans engagement","Standard"))) -> Portée sans engagement | T7: =IF(S7="Succès complet",1,0) -> 0
A8: Tendance | B8: T007 | C8: TND-007 | E8: Humour & sketchs | F8: Non | H8: 8 | I8: 4 | J8: 55 | K8: 0 | L8: 6100000 | M8: 247500 | N8: 1524 | O8: 80600 | P8: =(M8+N8+O8)/L8 -> 0.054036721 | Q8: =M8/L8 -> 0.04057377 | R8: =IF(G8="","",L8/G8) | S8: =IF(AND(L8>=INDEX(Succès!$D$10:$D$13,MATCH(A8,Succès!$A$10:$A$13,0)),P8>=INDEX(Succès!$E$10:$E$13,MATCH(A8,Succès!$A$10:$A$13,0))),"Succès complet",IF(P8>=INDEX(Succès!$E$10:$E$13,MATCH(A8,Succès!$A$10:$A$13,0)),"Engagé, portée modeste",IF(L8>=INDEX(Succès!$D$10:$D$13,MATCH(A8,Succès!$A$10:$A$13,0)),"Portée sans engagement","Standard"))) -> Standard | T8: =IF(S8="Succès complet",1,0) -> 0
A9: Tendance | B9: T008 | C9: TND-008 | E9: Famille & enfants | F9: Non | H9: 8 | I9: 18 | J9: 149 | K9: 1 | L9: 79800000 | M9: 6000000 | N9: 38700 | O9: 82100 | P9: =(M9+N9+O9)/L9 -> 0.076701754 | Q9: =M9/L9 -> 0.07518797 | R9: =IF(G9="","",L9/G9) | S9: =IF(AND(L9>=INDEX(Succès!$D$10:$D$13,MATCH(A9,Succès!$A$10:$A$13,0)),P9>=INDEX(Succès!$E$10:$E$13,MATCH(A9,Succès!$A$10:$A$13,0))),"Succès complet",IF(P9>=INDEX(Succès!$E$10:$E$13,MATCH(A9,Succès!$A$10:$A$13,0)),"Engagé, portée modeste",IF(L9>=INDEX(Succès!$D$10:$D$13,MATCH(A9,Succès!$A$10:$A$13,0)),"Portée sans engagement","Standard"))) -> Portée sans engagement | T9: =IF(S9="Succès complet",1,0) -> 0
A10: Tendance | B10: T009 | C10: TND-009 | E10: Animaux | F10: Non | H10: 9 | I10: 5 | J10: 26 | K10: 1 | L10: 31600000 | M10: 2600000 | N10: 100100 | O10: 516600 | P10: =(M10+N10+O10)/L10 -> 0.1017943 | Q10: =M10/L10 -> 0.082278481 | R10: =IF(G10="","",L10/G10) | S10: =IF(AND(L10>=INDEX(Succès!$D$10:$D$13,MATCH(A10,Succès!$A$10:$A$13,0)),P10>=INDEX(Succès!$E$10:$E$13,MATCH(A10,Succès!$A$10:$A$13,0))),"Succès complet",IF(P10>=INDEX(Succès!$E$10:$E$13,MATCH(A10,Succès!$A$10:$A$13,0)),"Engagé, portée modeste",IF(L10>=INDEX(Succès!$D$10:$D$13,MATCH(A10,Succès!$A$10:$A$13,0)),"Portée sans engagement","Standard"))) -> Portée sans engagement | T10: =IF(S10="Succès complet",1,0) -> 0
A11: Tendance | B11: T010 | C11: TND-001 | D11: @bts_official_bighit | E11: Musique & danse | F11: Oui | H11: 20 | I11: 1 | J11: 31 | K11: 0 | L11: 17000000 | M11: 5300000 | N11: 255800 | O11: 158300 | P11: =(M11+N11+O11)/L11 -> 0.33612353 | Q11: =M11/L11 -> 0.31176471 | R11: =IF(G11="","",L11/G11) | S11: =IF(AND(L11>=INDEX(Succès!$D$10:$D$13,MATCH(A11,Succès!$A$10:$A$13,0)),P11>=INDEX(Succès!$E$10:$E$13,MATCH(A11,Succès!$A$10:$A$13,0))),"Succès complet",IF(P11>=INDEX(Succès!$E$10:$E$13,MATCH(A11,Succès!$A$10:$A$13,0)),"Engagé, portée modeste",IF(L11>=INDEX(Succès!$D$10:$D$13,MATCH(A11,Succès!$A$10:$A$13,0)),"Portée sans engagement","Standard"))) -> Succès complet | T11: =IF(S11="Succès complet",1,0) -> 1
A12: Tendance | B12: T011 | C12: TND-010 | D12: TND-010 | E12: Food & lifestyle | F12: Oui | H12: 12 | I12: 0 | J12: 39 | K12: 0 | L12: 22000000 | M12: 5200000 | N12: 87200 | O12: 37100 | P12: =(M12+N12+O12)/L12 -> 0.24201364 | Q12: =M12/L12 -> 0.23636364 | R12: =IF(G12="","",L12/G12) | S12: =IF(AND(L12>=INDEX(Succès!$D$10:$D$13,MATCH(A12,Succès!$A$10:$A$13,0)),P12>=INDEX(Succès!$E$10:$E$13,MATCH(A12,Succès!$A$10:$A$13,0))),"Succès complet",IF(P12>=INDEX(Succès!$E$10:$E$13,MATCH(A12,Succès!$A$10:$A$13,0)),"Engagé, portée modeste",IF(L12>=INDEX(Succès!$D$10:$D$13,MATCH(A12,Succès!$A$10:$A$13,0)),"Portée sans engagement","Standard"))) -> Succès complet | T12: =IF(S12="Succès complet",1,0) -> 1
A13: Tendance | B13: T012 | C13: TND-011 | E13: Humour & sketchs | F13: Inconnu | H13: 8 | I13: 2 | J13: 19 | K13: 1 | L13: 882800 | M13: 60300 | N13: 694 | O13: 7656 | P13: =(M13+N13+O13)/L13 -> 0.077763933 | Q13: =M13/L13 -> 0.068305392 | R13: =IF(G13="","",L13/G13) | S13: =IF(AND(L13>=INDEX(Succès!$D$10:$D$13,MATCH(A13,Succès!$A$10:$A$13,0)),P13>=INDEX(Succès!$E$10:$E$13,MATCH(A13,Succès!$A$10:$A$13,0))),"Succès complet",IF(P13>=INDEX(Succès!$E$10:$E$13,MATCH(A13,Succès!$A$10:$A$13,0)),"Engagé, portée modeste",IF(L13>=INDEX(Succès!$D$10:$D$13,MATCH(A13,Succès!$A$10:$A$13,0)),"Portée sans engagement","Standard"))) -> Standard | T13: =IF(S13="Succès complet",1,0) -> 0
A14: Tendance | B14: T013 | C14: TND-012 | E14: Non classé | F14: Inconnu | H14: 13 | I14: 0 | J14: 0 | K14: 0 | L14: 19800000 | M14: 1600000 | N14: 12400 | O14: 44200 | P14: =(M14+N14+O14)/L14 -> 0.083666667 | Q14: =M14/L14 -> 0.080808081 | R14: =IF(G14="","",L14/G14) | S14: =IF(AND(L14>=INDEX(Succès!$D$10:$D$13,MATCH(A14,Succès!$A$10:$A$13,0)),P14>=INDEX(Succès!$E$10:$E$13,MATCH(A14,Succès!$A$10:$A$13,0))),"Succès complet",IF(P14>=INDEX(Succès!$E$10:$E$13,MATCH(A14,Succès!$A$10:$A$13,0)),"Engagé, portée modeste",IF(L14>=INDEX(Succès!$D$10:$D$13,MATCH(A14,Succès!$A$10:$A$13,0)),"Portée sans engagement","Standard"))) -> Portée sans engagement | T14: =IF(S14="Succès complet",1,0) -> 0
A15: Tendance | B15: T014 | C15: TND-013 | E15: Non classé | F15: Oui | H15: 8 | I15: 3 | J15: 28 | K15: 0 | L15: 18900000 | M15: 2600000 | N15: 10500 | O15: 4745 | P15: =(M15+N15+O15)/L15 -> 0.13837275 | Q15: =M15/L15 -> 0.13756614 | R15: =IF(G15="","",L15/G15) | S15: =IF(AND(L15>=INDEX(Succès!$D$10:$D$13,MATCH(A15,Succès!$A$10:$A$13,0)),P15>=INDEX(Succès!$E$10:$E$13,MATCH(A15,Succès!$A$10:$A$13,0))),"Succès complet",IF(P15>=INDEX(Succès!$E$10:$E$13,MATCH(A15,Succès!$A$10:$A$13,0)),"Engagé, portée modeste",IF(L15>=INDEX(Succès!$D$10:$D$13,MATCH(A15,Succès!$A$10:$A$13,0)),"Portée sans engagement","Standard"))) -> Succès complet | T15: =IF(S15="Succès complet",1,0) -> 1
A16: Tendance | B16: T015 | C16: TND-014 | D16: TND-014 | E16: Animaux | F16: Non | H16: 9 | I16: 8 | J16: 82 | K16: 0 | L16: 11400000 | M16: 2100000 | N16: 25000 | O16: 110300 | P16: =(M16+N16+O16)/L16 -> 0.19607895 | Q16: =M16/L16 -> 0.18421053 | R16: =IF(G16="","",L16/G16) | S16: =IF(AND(L16>=INDEX(Succès!$D$10:$D$13,MATCH(A16,Succès!$A$10:$A$13,0)),P16>=INDEX(Succès!$E$10:$E$13,MATCH(A16,Succès!$A$10:$A$13,0))),"Succès complet",IF(P16>=INDEX(Succès!$E$10:$E$13,MATCH(A16,Succès!$A$10:$A$13,0)),"Engagé, portée modeste",IF(L16>=INDEX(Succès!$D$10:$D$13,MATCH(A16,Succès!$A$10:$A$13,0)),"Portée sans engagement","Standard"))) -> Succès complet | T16: =IF(S16="Succès complet",1,0) -> 1
A17: Tendance | B17: T016 | C17: TND-015 | E17: Non classé | F17: Non | H17: 13 | I17: 0 | J17: 0 | K17: 0 | L17: 11000000 | M17: 417300 | N17: 6307 | O17: 56600 | P17: =(M17+N17+O17)/L17 -> 0.043655182 | Q17: =M17/L17 -> 0.037936364 | R17: =IF(G17="","",L17/G17) | S17: =IF(AND(L17>=INDEX(Succès!$D$10:$D$13,MATCH(A17,Succès!$A$10:$A$13,0)),P17>=INDEX(Succès!$E$10:$E$13,MATCH(A17,Succès!$A$10:$A$13,0))),"Succès complet",IF(P17>=INDEX(Succès!$E$10:$E$13,MATCH(A17,Succès!$A$10:$A$13,0)),"Engagé, portée modeste",IF(L17>=INDEX(Succès!$D$10:$D$13,MATCH(A17,Succès!$A$10:$A$13,0)),"Portée sans engagement","Standard"))) -> Portée sans engagement | T17: =IF(S17="Succès complet",1,0) -> 0
A18: Tendance | B18: T017 | C18: TND-016 | E18: Famille & enfants | F18: Non | H18: 12 | I18: 10 | J18: 113 | K18: 1 | L18: 13100000 | M18: 1200000 | N18: 27200 | O18: 91000 | P18: =(M18+N18+O18)/L18 -> 0.10062595 | Q18: =M18/L18 -> 0.091603053 | R18: =IF(G18="","",L18/G18) | S18: =IF(AND(L18>=INDEX(Succès!$D$10:$D$13,MATCH(A18,Succès!$A$10:$A$13,0)),P18>=INDEX(Succès!$E$10:$E$13,MATCH(A18,Succès!$A$10:$A$13,0))),"Succès complet",IF(P18>=INDEX(Succès!$E$10:$E$13,MATCH(A18,Succès!$A$10:$A$13,0)),"Engagé, portée modeste",IF(L18>=INDEX(Succès!$D$10:$D$13,MATCH(A18,Succès!$A$10:$A$13,0)),"Portée sans engagement","Standard"))) -> Portée sans engagement | T18: =IF(S18="Succès complet",1,0) -> 0
A19: Tendance | B19: T018 | C19: TND-017 | E19: Food & lifestyle | F19: Inconnu | H19: 58 | I19: 9 | J19: 145 | K19: 1 | L19: 4800000 | M19: 270600 | N19: 1114 | O19: 79000 | P19: =(M19+N19+O19)/L19 -> 0.073065417 | Q19: =M19/L19 -> 0.056375 | R19: =IF(G19="","",L19/G19) | S19: =IF(AND(L19>=INDEX(Succès!$D$10:$D$13,MATCH(A19,Succès!$A$10:$A$13,0)),P19>=INDEX(Succès!$E$10:$E$13,MATCH(A19,Succès!$A$10:$A$13,0))),"Succès complet",IF(P19>=INDEX(Succès!$E$10:$E$13,MATCH(A19,Succès!$A$10:$A$13,0)),"Engagé, portée modeste",IF(L19>=INDEX(Succès!$D$10:$D$13,MATCH(A19,Succès!$A$10:$A$13,0)),"Portée sans engagement","Standard"))) -> Standard | T19: =IF(S19="Succès complet",1,0) -> 0
A20: Tendance | B20: T019 | C20: TND-018 | E20: Famille & enfants | F20: Inconnu | H20: 15 | I20: 0 | J20: 44 | K20: 0 | L20: 3400000 | M20: 320400 | N20: 2289 | O20: 870 | P20: =(M20+N20+O20)/L20 -> 0.095164412 | Q20: =M20/L20 -> 0.094235294 | R20: =IF(G20="","",L20/G20) | S20: =IF(AND(L20>=INDEX(Succès!$D$10:$D$13,MATCH(A20,Succès!$A$10:$A$13,0)),P20>=INDEX(Succès!$E$10:$E$13,MATCH(A20,Succès!$A$10:$A$13,0))),"Succès complet",IF(P20>=INDEX(Succès!$E$10:$E$13,MATCH(A20,Succès!$A$10:$A$13,0)),"Engagé, portée modeste",IF(L20>=INDEX(Succès!$D$10:$D$13,MATCH(A20,Succès!$A$10:$A$13,0)),"Portée sans engagement","Standard"))) -> Standard | T20: =IF(S20="Succès complet",1,0) -> 0
A21: Tendance | B21: T020 | C21: TND-019 | E21: Non classé | F21: Non | H21: 9 | I21: 0 | J21: 1 | K21: 0 | L21: 10300000 | M21: 551600 | N21: 0 | O21: 227100 | P21: =(M21+N21+O21)/L21 -> 0.075601942 | Q21: =M21/L21 -> 0.053553398 | R21: =IF(G21="","",L21/G21) | S21: =IF(AND(L21>=INDEX(Succès!$D$10:$D$13,MATCH(A21,Succès!$A$10:$A$13,0)),P21>=INDEX(Succès!$E$10:$E$13,MATCH(A21,Succès!$A$10:$A$13,0))),"Succès complet",IF(P21>=INDEX(Succès!$E$10:$E$13,MATCH(A21,Succès!$A$10:$A$13,0)),"Engagé, portée modeste",IF(L21>=INDEX(Succès!$D$10:$D$13,MATCH(A21,Succès!$A$10:$A$13,0)),"Portée sans engagement","Standard"))) -> Standard | T21: =IF(S21="Succès complet",1,0) -> 0
A22: Tendance | B22: T021 | C22: TND-020 | E22: Non classé | F22: Inconnu | H22: 8 | I22: 3 | J22: 46 | K22: 1 | L22: 2800000 | M22: 250500 | N22: 1781 | O22: 4295 | P22: =(M22+N22+O22)/L22 -> 0.091634286 | Q22: =M22/L22 -> 0.089464286 | R22: =IF(G22="","",L22/G22) | S22: =IF(AND(L22>=INDEX(Succès!$D$10:$D$13,MATCH(A22,Succès!$A$10:$A$13,0)),P22>=INDEX(Succès!$E$10:$E$13,MATCH(A22,Succès!$A$10:$A$13,0))),"Succès complet",IF(P22>=INDEX(Succès!$E$10:$E$13,MATCH(A22,Succès!$A$10:$A$13,0)),"Engagé, portée modeste",IF(L22>=INDEX(Succès!$D$10:$D$13,MATCH(A22,Succès!$A$10:$A$13,0)),"Portée sans engagement","Standard"))) -> Standard | T22: =IF(S22="Succès complet",1,0) -> 0
A23: Tendance | B23: T022 | C23: TND-021 | E23: Non classé | F23: Inconnu | H23: 15 | I23: 4 | J23: 69 | K23: 1 | L23: 3400000 | M23: 66300 | N23: 2219 | O23: 24900 | P23: =(M23+N23+O23)/L23 -> 0.027476176 | Q23: =M23/L23 -> 0.0195 | R23: =IF(G23="","",L23/G23) | S23: =IF(AND(L23>=INDEX(Succès!$D$10:$D$13,MATCH(A23,Succès!$A$10:$A$13,0)),P23>=INDEX(Succès!$E$10:$E$13,MATCH(A23,Succès!$A$10:$A$13,0))),"Succès complet",IF(P23>=INDEX(Succès!$E$10:$E$13,MATCH(A23,Succès!$A$10:$A$13,0)),"Engagé, portée modeste",IF(L23>=INDEX(Succès!$D$10:$D$13,MATCH(A23,Succès!$A$10:$A$13,0)),"Portée sans engagement","Standard"))) -> Standard | T23: =IF(S23="Succès complet",1,0) -> 0
A24: Tendance | B24: T023 | C24: TND-010 | D24: TND-010 | E24: Food & lifestyle | F24: Oui | H24: 20 | I24: 0 | J24: 38 | K24: 0 | L24: 25200000 | M24: 6200000 | N24: 172900 | O24: 70200 | P24: =(M24+N24+O24)/L24 -> 0.25567857 | Q24: =M24/L24 -> 0.24603175 | R24: =IF(G24="","",L24/G24) | S24: =IF(AND(L24>=INDEX(Succès!$D$10:$D$13,MATCH(A24,Succès!$A$10:$A$13,0)),P24>=INDEX(Succès!$E$10:$E$13,MATCH(A24,Succès!$A$10:$A$13,0))),"Succès complet",IF(P24>=INDEX(Succès!$E$10:$E$13,MATCH(A24,Succès!$A$10:$A$13,0)),"Engagé, portée modeste",IF(L24>=INDEX(Succès!$D$10:$D$13,MATCH(A24,Succès!$A$10:$A$13,0)),"Portée sans engagement","Standard"))) -> Succès complet | T24: =IF(S24="Succès complet",1,0) -> 1
A25: Tendance | B25: T024 | C25: TND-022 | E25: Animaux | F25: Inconnu | H25: 8 | I25: 7 | J25: 55 | K25: 1 | L25: 2000000 | M25: 70700 | N25: 1474 | O25: 31300 | P25: =(M25+N25+O25)/L25 -> 0.051737 | Q25: =M25/L25 -> 0.03535 | R25: =IF(G25="","",L25/G25) | S25: =IF(AND(L25>=INDEX(Succès!$D$10:$D$13,MATCH(A25,Succès!$A$10:$A$13,0)),P25>=INDEX(Succès!$E$10:$E$13,MATCH(A25,Succès!$A$10:$A$13,0))),"Succès complet",IF(P25>=INDEX(Succès!$E$10:$E$13,MATCH(A25,Succès!$A$10:$A$13,0)),"Engagé, portée modeste",IF(L25>=INDEX(Succès!$D$10:$D$13,MATCH(A25,Succès!$A$10:$A$13,0)),"Portée sans engagement","Standard"))) -> Standard | T25: =IF(S25="Succès complet",1,0) -> 0
A26: Tendance | B26: T025 | C26: TND-023 | D26: TND-023 | E26: Famille & enfants | F26: Non | H26: 8 | I26: 7 | J26: 65 | K26: 1 | L26: 32200000 | M26: 4800000 | N26: 56700 | O26: 451600 | P26: =(M26+N26+O26)/L26 -> 0.16485404 | Q26: =M26/L26 -> 0.14906832 | R26: =IF(G26="","",L26/G26) | S26: =IF(AND(L26>=INDEX(Succès!$D$10:$D$13,MATCH(A26,Succès!$A$10:$A$13,0)),P26>=INDEX(Succès!$E$10:$E$13,MATCH(A26,Succès!$A$10:$A$13,0))),"Succès complet",IF(P26>=INDEX(Succès!$E$10:$E$13,MATCH(A26,Succès!$A$10:$A$13,0)),"Engagé, portée modeste",IF(L26>=INDEX(Succès!$D$10:$D$13,MATCH(A26,Succès!$A$10:$A$13,0)),"Portée sans engagement","Standard"))) -> Succès complet | T26: =IF(S26="Succès complet",1,0) -> 1
A27: Tendance | B27: T026 | C27: TND-024 | E27: Food & lifestyle | F27: Non | H27: 9 | I27: 9 | J27: 145 | K27: 1 | L27: 15000000 | M27: 1800000 | N27: 6751 | O27: 5469 | P27: =(M27+N27+O27)/L27 -> 0.12081467 | Q27: =M27/L27 -> 0.12 | R27: =IF(G27="","",L27/G27) | S27: =IF(AND(L27>=INDEX(Succès!$D$10:$D$13,MATCH(A27,Succès!$A$10:$A$13,0)),P27>=INDEX(Succès!$E$10:$E$13,MATCH(A27,Succès!$A$10:$A$13,0))),"Succès complet",IF(P27>=INDEX(Succès!$E$10:$E$13,MATCH(A27,Succès!$A$10:$A$13,0)),"Engagé, portée modeste",IF(L27>=INDEX(Succès!$D$10:$D$13,MATCH(A27,Succès!$A$10:$A$13,0)),"Portée sans engagement","Standard"))) -> Succès complet | T27: =IF(S27="Succès complet",1,0) -> 1
A28: Tendance | B28: T027 | C28: TND-025 | E28: Non classé | F28: Inconnu | H28: 14 | I28: 1 | J28: 17 | K28: 0 | L28: 5600000 | M28: 228000 | N28: 0 | O28: 9693 | P28: =(M28+N28+O28)/L28 -> 0.042445179 | Q28: =M28/L28 -> 0.040714286 | R28: =IF(G28="","",L28/G28) | S28: =IF(AND(L28>=INDEX(Succès!$D$10:$D$13,MATCH(A28,Succès!$A$10:$A$13,0)),P28>=INDEX(Succès!$E$10:$E$13,MATCH(A28,Succès!$A$10:$A$13,0))),"Succès complet",IF(P28>=INDEX(Succès!$E$10:$E$13,MATCH(A28,Succès!$A$10:$A$13,0)),"Engagé, portée modeste",IF(L28>=INDEX(Succès!$D$10:$D$13,MATCH(A28,Succès!$A$10:$A$13,0)),"Portée sans engagement","Standard"))) -> Standard | T28: =IF(S28="Succès complet",1,0) -> 0
A29: Tendance | B29: T028 | C29: TND-026 | E29: Non classé | F29: Inconnu | H29: 15 | I29: 0 | J29: 63 | K29: 0 | L29: 5500000 | M29: 55900 | N29: 8431 | O29: 15800 | P29: =(M29+N29+O29)/L29 -> 0.014569273 | Q29: =M29/L29 -> 0.010163636 | R29: =IF(G29="","",L29/G29) | S29: =IF(AND(L29>=INDEX(Succès!$D$10:$D$13,MATCH(A29,Succès!$A$10:$A$13,0)),P29>=INDEX(Succès!$E$10:$E$13,MATCH(A29,Succès!$A$10:$A$13,0))),"Succès complet",IF(P29>=INDEX(Succès!$E$10:$E$13,MATCH(A29,Succès!$A$10:$A$13,0)),"Engagé, portée modeste",IF(L29>=INDEX(Succès!$D$10:$D$13,MATCH(A29,Succès!$A$10:$A$13,0)),"Portée sans engagement","Standard"))) -> Standard | T29: =IF(S29="Succès complet",1,0) -> 0
A30: Tendance | B30: T029 | C30: TND-027 | E30: Non classé | F30: Non | H30: 38 | I30: 0 | J30: 0 | K30: 0 | L30: 13700000 | M30: 1500000 | N30: 30200 | O30: 222600 | P30: =(M30+N30+O30)/L30 -> 0.12794161 | Q30: =M30/L30 -> 0.10948905 | R30: =IF(G30="","",L30/G30) | S30: =IF(AND(L30>=INDEX(Succès!$D$10:$D$13,MATCH(A30,Succès!$A$10:$A$13,0)),P30>=INDEX(Succès!$E$10:$E$13,MATCH(A30,Succès!$A$10:$A$13,0))),"Succès complet",IF(P30>=INDEX(Succès!$E$10:$E$13,MATCH(A30,Succès!$A$10:$A$13,0)),"Engagé, portée modeste",IF(L30>=INDEX(Succès!$D$10:$D$13,MATCH(A30,Succès!$A$10:$A$13,0)),"Portée sans engagement","Standard"))) -> Succès complet | T30: =IF(S30="Succès complet",1,0) -> 1
A31: Tendance | B31: T030 | C31: TND-026 | E31: Non classé | F31: Inconnu | H31: 15 | I31: 0 | J31: 6 | K31: 0 | L31: 342500 | M31: 3438 | N31: 489 | O31: 484 | P31: =(M31+N31+O31)/L31 -> 0.012878832 | Q31: =M31/L31 -> 0.010037956 | R31: =IF(G31="","",L31/G31) | S31: =IF(AND(L31>=INDEX(Succès!$D$10:$D$13,MATCH(A31,Succès!$A$10:$A$13,0)),P31>=INDEX(Succès!$E$10:$E$13,MATCH(A31,Succès!$A$10:$A$13,0))),"Succès complet",IF(P31>=INDEX(Succès!$E$10:$E$13,MATCH(A31,Succès!$A$10:$A$13,0)),"Engagé, portée modeste",IF(L31>=INDEX(Succès!$D$10:$D$13,MATCH(A31,Succès!$A$10:$A$13,0)),"Portée sans engagement","Standard"))) -> Standard | T31: =IF(S31="Succès complet",1,0) -> 0
A32: Tendance | B32: T031 | C32: TND-028 | E32: Non classé | F32: Non | H32: 12 | I32: 0 | J32: 15 | K32: 0 | L32: 14300000 | M32: 2800000 | N32: 23000 | O32: 15600 | P32: =(M32+N32+O32)/L32 -> 0.1985035 | Q32: =M32/L32 -> 0.1958042 | R32: =IF(G32="","",L32/G32) | S32: =IF(AND(L32>=INDEX(Succès!$D$10:$D$13,MATCH(A32,Succès!$A$10:$A$13,0)),P32>=INDEX(Succès!$E$10:$E$13,MATCH(A32,Succès!$A$10:$A$13,0))),"Succès complet",IF(P32>=INDEX(Succès!$E$10:$E$13,MATCH(A32,Succès!$A$10:$A$13,0)),"Engagé, portée modeste",IF(L32>=INDEX(Succès!$D$10:$D$13,MATCH(A32,Succès!$A$10:$A$13,0)),"Portée sans engagement","Standard"))) -> Succès complet | T32: =IF(S32="Succès complet",1,0) -> 1
A33: Tendance | B33: T032 | C33: TND-028 | E33: Non classé | F33: Non | H33: 10 | I33: 0 | J33: 0 | K33: 0 | L33: 44100000 | M33: 3300000 | N33: 25200 | O33: 42900 | P33: =(M33+N33+O33)/L33 -> 0.07637415 | Q33: =M33/L33 -> 0.074829932 | R33: =IF(G33="","",L33/G33) | S33: =IF(AND(L33>=INDEX(Succès!$D$10:$D$13,MATCH(A33,Succès!$A$10:$A$13,0)),P33>=INDEX(Succès!$E$10:$E$13,MATCH(A33,Succès!$A$10:$A$13,0))),"Succès complet",IF(P33>=INDEX(Succès!$E$10:$E$13,MATCH(A33,Succès!$A$10:$A$13,0)),"Engagé, portée modeste",IF(L33>=INDEX(Succès!$D$10:$D$13,MATCH(A33,Succès!$A$10:$A$13,0)),"Portée sans engagement","Standard"))) -> Portée sans engagement | T33: =IF(S33="Succès complet",1,0) -> 0
A34: Tendance | B34: T033 | C34: TND-029 | E34: Famille & enfants | F34: Non | H34: 15 | I34: 3 | J34: 72 | K34: 0 | L34: 8000000 | M34: 800700 | N34: 23800 | O34: 100700 | P34: =(M34+N34+O34)/L34 -> 0.11565 | Q34: =M34/L34 -> 0.1000875 | R34: =IF(G34="","",L34/G34) | S34: =IF(AND(L34>=INDEX(Succès!$D$10:$D$13,MATCH(A34,Succès!$A$10:$A$13,0)),P34>=INDEX(Succès!$E$10:$E$13,MATCH(A34,Succès!$A$10:$A$13,0))),"Succès complet",IF(P34>=INDEX(Succès!$E$10:$E$13,MATCH(A34,Succès!$A$10:$A$13,0)),"Engagé, portée modeste",IF(L34>=INDEX(Succès!$D$10:$D$13,MATCH(A34,Succès!$A$10:$A$13,0)),"Portée sans engagement","Standard"))) -> Engagé, portée modeste | T34: =IF(S34="Succès complet",1,0) -> 0
A35: Tendance | B35: T034 | C35: TND-030 | D35: TND-030 | E35: Famille & enfants | F35: Inconnu | H35: 21 | I35: 9 | J35: 135 | K35: 1 | L35: 25000000 | M35: 3600000 | N35: 96600 | O35: 457800 | P35: =(M35+N35+O35)/L35 -> 0.166176 | Q35: =M35/L35 -> 0.144 | R35: =IF(G35="","",L35/G35) | S35: =IF(AND(L35>=INDEX(Succès!$D$10:$D$13,MATCH(A35,Succès!$A$10:$A$13,0)),P35>=INDEX(Succès!$E$10:$E$13,MATCH(A35,Succès!$A$10:$A$13,0))),"Succès complet",IF(P35>=INDEX(Succès!$E$10:$E$13,MATCH(A35,Succès!$A$10:$A$13,0)),"Engagé, portée modeste",IF(L35>=INDEX(Succès!$D$10:$D$13,MATCH(A35,Succès!$A$10:$A$13,0)),"Portée sans engagement","Standard"))) -> Succès complet | T35: =IF(S35="Succès complet",1,0) -> 1
A36: Tendance | B36: T035 | C36: TND-031 | E36: Animaux | F36: Non | H36: 11 | I36: 5 | J36: 87 | K36: 1 | L36: 4000000 | M36: 399100 | N36: 4824 | O36: 45200 | P36: =(M36+N36+O36)/L36 -> 0.112281 | Q36: =M36/L36 -> 0.099775 | R36: =IF(G36="","",L36/G36) | S36: =IF(AND(L36>=INDEX(Succès!$D$10:$D$13,MATCH(A36,Succès!$A$10:$A$13,0)),P36>=INDEX(Succès!$E$10:$E$13,MATCH(A36,Succès!$A$10:$A$13,0))),"Succès complet",IF(P36>=INDEX(Succès!$E$10:$E$13,MATCH(A36,Succès!$A$10:$A$13,0)),"Engagé, portée modeste",IF(L36>=INDEX(Succès!$D$10:$D$13,MATCH(A36,Succès!$A$10:$A$13,0)),"Portée sans engagement","Standard"))) -> Engagé, portée modeste | T36: =IF(S36="Succès complet",1,0) -> 0
A37: Tendance | B37: T036 | C37: TND-032 | E37: Non classé | F37: Non | H37: 15 | I37: 0 | J37: 0 | K37: 0 | L37: 2200000 | M37: 140700 | N37: 3056 | O37: 27600 | P37: =(M37+N37+O37)/L37 -> 0.077889091 | Q37: =M37/L37 -> 0.063954545 | R37: =IF(G37="","",L37/G37) | S37: =IF(AND(L37>=INDEX(Succès!$D$10:$D$13,MATCH(A37,Succès!$A$10:$A$13,0)),P37>=INDEX(Succès!$E$10:$E$13,MATCH(A37,Succès!$A$10:$A$13,0))),"Succès complet",IF(P37>=INDEX(Succès!$E$10:$E$13,MATCH(A37,Succès!$A$10:$A$13,0)),"Engagé, portée modeste",IF(L37>=INDEX(Succès!$D$10:$D$13,MATCH(A37,Succès!$A$10:$A$13,0)),"Portée sans engagement","Standard"))) -> Standard | T37: =IF(S37="Succès complet",1,0) -> 0
A38: Tendance | B38: T037 | C38: TND-033 | E38: Famille & enfants | F38: Non | H38: 47 | I38: 7 | J38: 112 | K38: 0 | L38: 56300000 | M38: 8300000 | N38: 55700 | O38: 410900 | P38: =(M38+N38+O38)/L38 -> 0.15571226 | Q38: =M38/L38 -> 0.14742451 | R38: =IF(G38="","",L38/G38) | S38: =IF(AND(L38>=INDEX(Succès!$D$10:$D$13,MATCH(A38,Succès!$A$10:$A$13,0)),P38>=INDEX(Succès!$E$10:$E$13,MATCH(A38,Succès!$A$10:$A$13,0))),"Succès complet",IF(P38>=INDEX(Succès!$E$10:$E$13,MATCH(A38,Succès!$A$10:$A$13,0)),"Engagé, portée modeste",IF(L38>=INDEX(Succès!$D$10:$D$13,MATCH(A38,Succès!$A$10:$A$13,0)),"Portée sans engagement","Standard"))) -> Succès complet | T38: =IF(S38="Succès complet",1,0) -> 1
A39: Tendance | B39: T038 | C39: TND-034 | E39: Non classé | F39: Inconnu | H39: 12 | I39: 0 | J39: 16 | K39: 0 | L39: 1700000 | M39: 182500 | N39: 1155 | O39: 865 | P39: =(M39+N39+O39)/L39 -> 0.10854118 | Q39: =M39/L39 -> 0.10735294 | R39: =IF(G39="","",L39/G39) | S39: =IF(AND(L39>=INDEX(Succès!$D$10:$D$13,MATCH(A39,Succès!$A$10:$A$13,0)),P39>=INDEX(Succès!$E$10:$E$13,MATCH(A39,Succès!$A$10:$A$13,0))),"Succès complet",IF(P39>=INDEX(Succès!$E$10:$E$13,MATCH(A39,Succès!$A$10:$A$13,0)),"Engagé, portée modeste",IF(L39>=INDEX(Succès!$D$10:$D$13,MATCH(A39,Succès!$A$10:$A$13,0)),"Portée sans engagement","Standard"))) -> Engagé, portée modeste | T39: =IF(S39="Succès complet",1,0) -> 0
A40: Tendance | B40: T039 | C40: TND-035 | E40: Famille & enfants | F40: Non | H40: 11 | I40: 9 | J40: 147 | K40: 1 | L40: 2400000 | M40: 488800 | N40: 4119 | O40: 9253 | P40: =(M40+N40+O40)/L40 -> 0.20923833 | Q40: =M40/L40 -> 0.20366667 | R40: =IF(G40="","",L40/G40) | S40: =IF(AND(L40>=INDEX(Succès!$D$10:$D$13,MATCH(A40,Succès!$A$10:$A$13,0)),P40>=INDEX(Succès!$E$10:$E$13,MATCH(A40,Succès!$A$10:$A$13,0))),"Succès complet",IF(P40>=INDEX(Succès!$E$10:$E$13,MATCH(A40,Succès!$A$10:$A$13,0)),"Engagé, portée modeste",IF(L40>=INDEX(Succès!$D$10:$D$13,MATCH(A40,Succès!$A$10:$A$13,0)),"Portée sans engagement","Standard"))) -> Engagé, portée modeste | T40: =IF(S40="Succès complet",1,0) -> 0
A41: Tendance | B41: T040 | C41: TND-036 | E41: Animaux | F41: Inconnu | H41: 9 | I41: 4 | J41: 76 | K41: 0 | L41: 3200000 | M41: 288400 | N41: 5609 | O41: 31600 | P41: =(M41+N41+O41)/L41 -> 0.10175281 | Q41: =M41/L41 -> 0.090125 | R41: =IF(G41="","",L41/G41) | S41: =IF(AND(L41>=INDEX(Succès!$D$10:$D$13,MATCH(A41,Succès!$A$10:$A$13,0)),P41>=INDEX(Succès!$E$10:$E$13,MATCH(A41,Succès!$A$10:$A$13,0))),"Succès complet",IF(P41>=INDEX(Succès!$E$10:$E$13,MATCH(A41,Succès!$A$10:$A$13,0)),"Engagé, portée modeste",IF(L41>=INDEX(Succès!$D$10:$D$13,MATCH(A41,Succès!$A$10:$A$13,0)),"Portée sans engagement","Standard"))) -> Standard | T41: =IF(S41="Succès complet",1,0) -> 0
A42: Tendance | B42: T041 | C42: TND-028 | E42: Non classé | F42: Non | H42: 10 | I42: 0 | J42: 9 | K42: 0 | L42: 5300000 | M42: 926100 | N42: 9661 | O42: 5052 | P42: =(M42+N42+O42)/L42 -> 0.17751189 | Q42: =M42/L42 -> 0.17473585 | R42: =IF(G42="","",L42/G42) | S42: =IF(AND(L42>=INDEX(Succès!$D$10:$D$13,MATCH(A42,Succès!$A$10:$A$13,0)),P42>=INDEX(Succès!$E$10:$E$13,MATCH(A42,Succès!$A$10:$A$13,0))),"Succès complet",IF(P42>=INDEX(Succès!$E$10:$E$13,MATCH(A42,Succès!$A$10:$A$13,0)),"Engagé, portée modeste",IF(L42>=INDEX(Succès!$D$10:$D$13,MATCH(A42,Succès!$A$10:$A$13,0)),"Portée sans engagement","Standard"))) -> Engagé, portée modeste | T42: =IF(S42="Succès complet",1,0) -> 0
A43: Tendance | B43: T042 | C43: TND-037 | D43: TND-037 | E43: Animaux | F43: Oui | H43: 8 | I43: 4 | J43: 124 | K43: 0 | L43: 13200000 | M43: 2200000 | N43: 28100 | O43: 140200 | P43: =(M43+N43+O43)/L43 -> 0.17941667 | Q43: =M43/L43 -> 0.16666667 | R43: =IF(G43="","",L43/G43) | S43: =IF(AND(L43>=INDEX(Succès!$D$10:$D$13,MATCH(A43,Succès!$A$10:$A$13,0)),P43>=INDEX(Succès!$E$10:$E$13,MATCH(A43,Succès!$A$10:$A$13,0))),"Succès complet",IF(P43>=INDEX(Succès!$E$10:$E$13,MATCH(A43,Succès!$A$10:$A$13,0)),"Engagé, portée modeste",IF(L43>=INDEX(Succès!$D$10:$D$13,MATCH(A43,Succès!$A$10:$A$13,0)),"Portée sans engagement","Standard"))) -> Succès complet | T43: =IF(S43="Succès complet",1,0) -> 1
A44: Tendance | B44: T043 | C44: TND-038 | E44: Non classé | F44: Inconnu | H44: 15 | I44: 0 | J44: 0 | K44: 0 | L44: 9300000 | M44: 1600000 | N44: 23400 | O44: 229200 | P44: =(M44+N44+O44)/L44 -> 0.1992043 | Q44: =M44/L44 -> 0.17204301 | R44: =IF(G44="","",L44/G44) | S44: =IF(AND(L44>=INDEX(Succès!$D$10:$D$13,MATCH(A44,Succès!$A$10:$A$13,0)),P44>=INDEX(Succès!$E$10:$E$13,MATCH(A44,Succès!$A$10:$A$13,0))),"Succès complet",IF(P44>=INDEX(Succès!$E$10:$E$13,MATCH(A44,Succès!$A$10:$A$13,0)),"Engagé, portée modeste",IF(L44>=INDEX(Succès!$D$10:$D$13,MATCH(A44,Succès!$A$10:$A$13,0)),"Portée sans engagement","Standard"))) -> Engagé, portée modeste | T44: =IF(S44="Succès complet",1,0) -> 0
A45: Tendance | B45: T044 | C45: TND-039 | D45: TND-039 | E45: Non classé | F45: Inconnu | H45: 12 | I45: 0 | J45: 0 | K45: 0 | L45: 14100000 | M45: 3300000 | N45: 38800 | O45: 17100 | P45: =(M45+N45+O45)/L45 -> 0.23800709 | Q45: =M45/L45 -> 0.23404255 | R45: =IF(G45="","",L45/G45) | S45: =IF(AND(L45>=INDEX(Succès!$D$10:$D$13,MATCH(A45,Succès!$A$10:$A$13,0)),P45>=INDEX(Succès!$E$10:$E$13,MATCH(A45,Succès!$A$10:$A$13,0))),"Succès complet",IF(P45>=INDEX(Succès!$E$10:$E$13,MATCH(A45,Succès!$A$10:$A$13,0)),"Engagé, portée modeste",IF(L45>=INDEX(Succès!$D$10:$D$13,MATCH(A45,Succès!$A$10:$A$13,0)),"Portée sans engagement","Standard"))) -> Succès complet | T45: =IF(S45="Succès complet",1,0) -> 1
A46: Tendance | B46: T045 | C46: TND-040 | E46: Animaux | F46: Non | H46: 8 | I46: 3 | J46: 77 | K46: 0 | L46: 10100000 | M46: 778100 | N46: 5106 | O46: 118900 | P46: =(M46+N46+O46)/L46 -> 0.089317426 | Q46: =M46/L46 -> 0.077039604 | R46: =IF(G46="","",L46/G46) | S46: =IF(AND(L46>=INDEX(Succès!$D$10:$D$13,MATCH(A46,Succès!$A$10:$A$13,0)),P46>=INDEX(Succès!$E$10:$E$13,MATCH(A46,Succès!$A$10:$A$13,0))),"Succès complet",IF(P46>=INDEX(Succès!$E$10:$E$13,MATCH(A46,Succès!$A$10:$A$13,0)),"Engagé, portée modeste",IF(L46>=INDEX(Succès!$D$10:$D$13,MATCH(A46,Succès!$A$10:$A$13,0)),"Portée sans engagement","Standard"))) -> Standard | T46: =IF(S46="Succès complet",1,0) -> 0
A47: Tendance | B47: T046 | C47: TND-041 | E47: Animaux | F47: Inconnu | H47: 10 | I47: 7 | J47: 81 | K47: 1 | L47: 3500000 | M47: 314600 | N47: 4375 | O47: 19400 | P47: =(M47+N47+O47)/L47 -> 0.096678571 | Q47: =M47/L47 -> 0.089885714 | R47: =IF(G47="","",L47/G47) | S47: =IF(AND(L47>=INDEX(Succès!$D$10:$D$13,MATCH(A47,Succès!$A$10:$A$13,0)),P47>=INDEX(Succès!$E$10:$E$13,MATCH(A47,Succès!$A$10:$A$13,0))),"Succès complet",IF(P47>=INDEX(Succès!$E$10:$E$13,MATCH(A47,Succès!$A$10:$A$13,0)),"Engagé, portée modeste",IF(L47>=INDEX(Succès!$D$10:$D$13,MATCH(A47,Succès!$A$10:$A$13,0)),"Portée sans engagement","Standard"))) -> Standard | T47: =IF(S47="Succès complet",1,0) -> 0
A48: Tendance | B48: T047 | C48: TND-042 | E48: Musique & danse | F48: Inconnu | H48: 7 | I48: 3 | J48: 71 | K48: 0 | L48: 43200000 | M48: 4700000 | N48: 26200 | O48: 45100 | P48: =(M48+N48+O48)/L48 -> 0.11044676 | Q48: =M48/L48 -> 0.1087963 | R48: =IF(G48="","",L48/G48) | S48: =IF(AND(L48>=INDEX(Succès!$D$10:$D$13,MATCH(A48,Succès!$A$10:$A$13,0)),P48>=INDEX(Succès!$E$10:$E$13,MATCH(A48,Succès!$A$10:$A$13,0))),"Succès complet",IF(P48>=INDEX(Succès!$E$10:$E$13,MATCH(A48,Succès!$A$10:$A$13,0)),"Engagé, portée modeste",IF(L48>=INDEX(Succès!$D$10:$D$13,MATCH(A48,Succès!$A$10:$A$13,0)),"Portée sans engagement","Standard"))) -> Succès complet | T48: =IF(S48="Succès complet",1,0) -> 1
A49: Tendance | B49: T048 | C49: TND-043 | E49: Animaux | F49: Inconnu | H49: 7 | I49: 6 | J49: 90 | K49: 1 | L49: 291300 | M49: 12200 | N49: 220 | O49: 5130 | P49: =(M49+N49+O49)/L49 -> 0.060247168 | Q49: =M49/L49 -> 0.041881222 | R49: =IF(G49="","",L49/G49) | S49: =IF(AND(L49>=INDEX(Succès!$D$10:$D$13,MATCH(A49,Succès!$A$10:$A$13,0)),P49>=INDEX(Succès!$E$10:$E$13,MATCH(A49,Succès!$A$10:$A$13,0))),"Succès complet",IF(P49>=INDEX(Succès!$E$10:$E$13,MATCH(A49,Succès!$A$10:$A$13,0)),"Engagé, portée modeste",IF(L49>=INDEX(Succès!$D$10:$D$13,MATCH(A49,Succès!$A$10:$A$13,0)),"Portée sans engagement","Standard"))) -> Standard | T49: =IF(S49="Succès complet",1,0) -> 0
A50: Tendance | B50: T049 | C50: TND-044 | D50: TND-044 | E50: Non classé | F50: Inconnu | H50: 23 | I50: 3 | J50: 58 | K50: 1 | L50: 10500000 | M50: 1800000 | N50: 24000 | O50: 130600 | P50: =(M50+N50+O50)/L50 -> 0.18615238 | Q50: =M50/L50 -> 0.17142857 | R50: =IF(G50="","",L50/G50) | S50: =IF(AND(L50>=INDEX(Succès!$D$10:$D$13,MATCH(A50,Succès!$A$10:$A$13,0)),P50>=INDEX(Succès!$E$10:$E$13,MATCH(A50,Succès!$A$10:$A$13,0))),"Succès complet",IF(P50>=INDEX(Succès!$E$10:$E$13,MATCH(A50,Succès!$A$10:$A$13,0)),"Engagé, portée modeste",IF(L50>=INDEX(Succès!$D$10:$D$13,MATCH(A50,Succès!$A$10:$A$13,0)),"Portée sans engagement","Standard"))) -> Succès complet | T50: =IF(S50="Succès complet",1,0) -> 1
A51: Tendance | B51: T050 | C51: TND-045 | E51: Famille & enfants | F51: Inconnu | H51: 12 | I51: 7 | J51: 103 | K51: 1 | L51: 14100000 | M51: 951000 | N51: 3828 | O51: 6113 | P51: =(M51+N51+O51)/L51 -> 0.068151844 | Q51: =M51/L51 -> 0.067446809 | R51: =IF(G51="","",L51/G51) | S51: =IF(AND(L51>=INDEX(Succès!$D$10:$D$13,MATCH(A51,Succès!$A$10:$A$13,0)),P51>=INDEX(Succès!$E$10:$E$13,MATCH(A51,Succès!$A$10:$A$13,0))),"Succès complet",IF(P51>=INDEX(Succès!$E$10:$E$13,MATCH(A51,Succès!$A$10:$A$13,0)),"Engagé, portée modeste",IF(L51>=INDEX(Succès!$D$10:$D$13,MATCH(A51,Succès!$A$10:$A$13,0)),"Portée sans engagement","Standard"))) -> Portée sans engagement | T51: =IF(S51="Succès complet",1,0) -> 0
A52: Tendance | B52: T051 | C52: TND-046 | E52: Famille & enfants | F52: Inconnu | H52: 56 | I52: 10 | J52: 120 | K52: 1 | L52: 4200000 | M52: 265100 | N52: 3599 | O52: 72400 | P52: =(M52+N52+O52)/L52 -> 0.081214048 | Q52: =M52/L52 -> 0.063119048 | R52: =IF(G52="","",L52/G52) | S52: =IF(AND(L52>=INDEX(Succès!$D$10:$D$13,MATCH(A52,Succès!$A$10:$A$13,0)),P52>=INDEX(Succès!$E$10:$E$13,MATCH(A52,Succès!$A$10:$A$13,0))),"Succès complet",IF(P52>=INDEX(Succès!$E$10:$E$13,MATCH(A52,Succès!$A$10:$A$13,0)),"Engagé, portée modeste",IF(L52>=INDEX(Succès!$D$10:$D$13,MATCH(A52,Succès!$A$10:$A$13,0)),"Portée sans engagement","Standard"))) -> Standard | T52: =IF(S52="Succès complet",1,0) -> 0
A53: Tendance | B53: T052 | C53: TND-047 | E53: Animaux | F53: Inconnu | H53: 10 | I53: 5 | J53: 73 | K53: 1 | L53: 1200000 | M53: 186200 | N53: 2161 | O53: 17200 | P53: =(M53+N53+O53)/L53 -> 0.17130083 | Q53: =M53/L53 -> 0.15516667 | R53: =IF(G53="","",L53/G53) | S53: =IF(AND(L53>=INDEX(Succès!$D$10:$D$13,MATCH(A53,Succès!$A$10:$A$13,0)),P53>=INDEX(Succès!$E$10:$E$13,MATCH(A53,Succès!$A$10:$A$13,0))),"Succès complet",IF(P53>=INDEX(Succès!$E$10:$E$13,MATCH(A53,Succès!$A$10:$A$13,0)),"Engagé, portée modeste",IF(L53>=INDEX(Succès!$D$10:$D$13,MATCH(A53,Succès!$A$10:$A$13,0)),"Portée sans engagement","Standard"))) -> Engagé, portée modeste | T53: =IF(S53="Succès complet",1,0) -> 0
A54: Tendance | B54: T053 | C54: TND-048 | E54: Famille & enfants | F54: Inconnu | H54: 9 | I54: 8 | J54: 106 | K54: 1 | L54: 3300000 | M54: 492600 | N54: 5326 | O54: 10000 | P54: =(M54+N54+O54)/L54 -> 0.15391697 | Q54: =M54/L54 -> 0.14927273 | R54: =IF(G54="","",L54/G54) | S54: =IF(AND(L54>=INDEX(Succès!$D$10:$D$13,MATCH(A54,Succès!$A$10:$A$13,0)),P54>=INDEX(Succès!$E$10:$E$13,MATCH(A54,Succès!$A$10:$A$13,0))),"Succès complet",IF(P54>=INDEX(Succès!$E$10:$E$13,MATCH(A54,Succès!$A$10:$A$13,0)),"Engagé, portée modeste",IF(L54>=INDEX(Succès!$D$10:$D$13,MATCH(A54,Succès!$A$10:$A$13,0)),"Portée sans engagement","Standard"))) -> Engagé, portée modeste | T54: =IF(S54="Succès complet",1,0) -> 0
A55: Tendance | B55: T054 | C55: TND-049 | E55: Humour & sketchs | F55: Oui | H55: 8 | I55: 0 | J55: 5 | K55: 0 | L55: 162200000 | M55: 17100000 | N55: 294300 | O55: 110200 | P55: =(M55+N55+O55)/L55 -> 0.10791924 | Q55: =M55/L55 -> 0.1054254 | R55: =IF(G55="","",L55/G55) | S55: =IF(AND(L55>=INDEX(Succès!$D$10:$D$13,MATCH(A55,Succès!$A$10:$A$13,0)),P55>=INDEX(Succès!$E$10:$E$13,MATCH(A55,Succès!$A$10:$A$13,0))),"Succès complet",IF(P55>=INDEX(Succès!$E$10:$E$13,MATCH(A55,Succès!$A$10:$A$13,0)),"Engagé, portée modeste",IF(L55>=INDEX(Succès!$D$10:$D$13,MATCH(A55,Succès!$A$10:$A$13,0)),"Portée sans engagement","Standard"))) -> Succès complet | T55: =IF(S55="Succès complet",1,0) -> 1
A56: Tendance | B56: T055 | C56: TND-050 | E56: Animaux | F56: Inconnu | H56: 83 | I56: 7 | J56: 90 | K56: 1 | L56: 4100000 | M56: 364100 | N56: 12300 | O56: 96600 | P56: =(M56+N56+O56)/L56 -> 0.11536585 | Q56: =M56/L56 -> 0.088804878 | R56: =IF(G56="","",L56/G56) | S56: =IF(AND(L56>=INDEX(Succès!$D$10:$D$13,MATCH(A56,Succès!$A$10:$A$13,0)),P56>=INDEX(Succès!$E$10:$E$13,MATCH(A56,Succès!$A$10:$A$13,0))),"Succès complet",IF(P56>=INDEX(Succès!$E$10:$E$13,MATCH(A56,Succès!$A$10:$A$13,0)),"Engagé, portée modeste",IF(L56>=INDEX(Succès!$D$10:$D$13,MATCH(A56,Succès!$A$10:$A$13,0)),"Portée sans engagement","Standard"))) -> Engagé, portée modeste | T56: =IF(S56="Succès complet",1,0) -> 0
A57: Tendance | B57: T056 | C57: TND-013 | E57: Non classé | F57: Oui | H57: 8 | I57: 2 | J57: 33 | K57: 0 | L57: 90400000 | M57: 10300000 | N57: 75600 | O57: 129900 | P57: =(M57+N57+O57)/L57 -> 0.11621128 | Q57: =M57/L57 -> 0.11393805 | R57: =IF(G57="","",L57/G57) | S57: =IF(AND(L57>=INDEX(Succès!$D$10:$D$13,MATCH(A57,Succès!$A$10:$A$13,0)),P57>=INDEX(Succès!$E$10:$E$13,MATCH(A57,Succès!$A$10:$A$13,0))),"Succès complet",IF(P57>=INDEX(Succès!$E$10:$E$13,MATCH(A57,Succès!$A$10:$A$13,0)),"Engagé, portée modeste",IF(L57>=INDEX(Succès!$D$10:$D$13,MATCH(A57,Succès!$A$10:$A$13,0)),"Portée sans engagement","Standard"))) -> Succès complet | T57: =IF(S57="Succès complet",1,0) -> 1
A58: Tendance | B58: T057 | C58: TND-051 | E58: Non classé | F58: Non | H58: 12 | I58: 3 | J58: 24 | K58: 1 | L58: 222300000 | M58: 28000000 | N58: 1500000 | O58: 2100000 | P58: =(M58+N58+O58)/L58 -> 0.14215025 | Q58: =M58/L58 -> 0.12595592 | R58: =IF(G58="","",L58/G58) | S58: =IF(AND(L58>=INDEX(Succès!$D$10:$D$13,MATCH(A58,Succès!$A$10:$A$13,0)),P58>=INDEX(Succès!$E$10:$E$13,MATCH(A58,Succès!$A$10:$A$13,0))),"Succès complet",IF(P58>=INDEX(Succès!$E$10:$E$13,MATCH(A58,Succès!$A$10:$A$13,0)),"Engagé, portée modeste",IF(L58>=INDEX(Succès!$D$10:$D$13,MATCH(A58,Succès!$A$10:$A$13,0)),"Portée sans engagement","Standard"))) -> Succès complet | T58: =IF(S58="Succès complet",1,0) -> 1
A59: Tendance | B59: T058 | C59: TND-052 | D59: TND-052 | E59: Famille & enfants | F59: Non | H59: 9 | I59: 4 | J59: 80 | K59: 1 | L59: 33500000 | M59: 5400000 | N59: 73500 | O59: 237700 | P59: =(M59+N59+O59)/L59 -> 0.17048358 | Q59: =M59/L59 -> 0.16119403 | R59: =IF(G59="","",L59/G59) | S59: =IF(AND(L59>=INDEX(Succès!$D$10:$D$13,MATCH(A59,Succès!$A$10:$A$13,0)),P59>=INDEX(Succès!$E$10:$E$13,MATCH(A59,Succès!$A$10:$A$13,0))),"Succès complet",IF(P59>=INDEX(Succès!$E$10:$E$13,MATCH(A59,Succès!$A$10:$A$13,0)),"Engagé, portée modeste",IF(L59>=INDEX(Succès!$D$10:$D$13,MATCH(A59,Succès!$A$10:$A$13,0)),"Portée sans engagement","Standard"))) -> Succès complet | T59: =IF(S59="Succès complet",1,0) -> 1
A60: Tendance | B60: T059 | C60: TND-053 | E60: Non classé | F60: Oui | H60: 9 | I60: 0 | J60: 8 | K60: 0 | L60: 54300000 | M60: 4200000 | N60: 18700 | O60: 16400 | P60: =(M60+N60+O60)/L60 -> 0.077994475 | Q60: =M60/L60 -> 0.077348066 | R60: =IF(G60="","",L60/G60) | S60: =IF(AND(L60>=INDEX(Succès!$D$10:$D$13,MATCH(A60,Succès!$A$10:$A$13,0)),P60>=INDEX(Succès!$E$10:$E$13,MATCH(A60,Succès!$A$10:$A$13,0))),"Succès complet",IF(P60>=INDEX(Succès!$E$10:$E$13,MATCH(A60,Succès!$A$10:$A$13,0)),"Engagé, portée modeste",IF(L60>=INDEX(Succès!$D$10:$D$13,MATCH(A60,Succès!$A$10:$A$13,0)),"Portée sans engagement","Standard"))) -> Portée sans engagement | T60: =IF(S60="Succès complet",1,0) -> 0
A61: Tendance | B61: T060 | C61: TND-054 | E61: Animaux | F61: Inconnu | H61: 8 | I61: 5 | J61: 48 | K61: 0 | L61: 5700000 | M61: 310300 | N61: 3955 | O61: 112500 | P61: =(M61+N61+O61)/L61 -> 0.074869298 | Q61: =M61/L61 -> 0.054438596 | R61: =IF(G61="","",L61/G61) | S61: =IF(AND(L61>=INDEX(Succès!$D$10:$D$13,MATCH(A61,Succès!$A$10:$A$13,0)),P61>=INDEX(Succès!$E$10:$E$13,MATCH(A61,Succès!$A$10:$A$13,0))),"Succès complet",IF(P61>=INDEX(Succès!$E$10:$E$13,MATCH(A61,Succès!$A$10:$A$13,0)),"Engagé, portée modeste",IF(L61>=INDEX(Succès!$D$10:$D$13,MATCH(A61,Succès!$A$10:$A$13,0)),"Portée sans engagement","Standard"))) -> Standard | T61: =IF(S61="Succès complet",1,0) -> 0
A62: Tendance | B62: T061 | C62: TND-049 | E62: Humour & sketchs | F62: Oui | H62: 9 | I62: 0 | J62: 9 | K62: 0 | L62: 3100000 | M62: 316500 | N62: 5038 | O62: 896 | P62: =(M62+N62+O62)/L62 -> 0.10401097 | Q62: =M62/L62 -> 0.10209677 | R62: =IF(G62="","",L62/G62) | S62: =IF(AND(L62>=INDEX(Succès!$D$10:$D$13,MATCH(A62,Succès!$A$10:$A$13,0)),P62>=INDEX(Succès!$E$10:$E$13,MATCH(A62,Succès!$A$10:$A$13,0))),"Succès complet",IF(P62>=INDEX(Succès!$E$10:$E$13,MATCH(A62,Succès!$A$10:$A$13,0)),"Engagé, portée modeste",IF(L62>=INDEX(Succès!$D$10:$D$13,MATCH(A62,Succès!$A$10:$A$13,0)),"Portée sans engagement","Standard"))) -> Standard | T62: =IF(S62="Succès complet",1,0) -> 0
A63: Tendance | B63: T062 | C63: TND-055 | E63: Musique & danse | F63: Inconnu | H63: 15 | I63: 7 | J63: 114 | K63: 1 | L63: 2300000 | M63: 227100 | N63: 9704 | O63: 23200 | P63: =(M63+N63+O63)/L63 -> 0.11304522 | Q63: =M63/L63 -> 0.09873913 | R63: =IF(G63="","",L63/G63) | S63: =IF(AND(L63>=INDEX(Succès!$D$10:$D$13,MATCH(A63,Succès!$A$10:$A$13,0)),P63>=INDEX(Succès!$E$10:$E$13,MATCH(A63,Succès!$A$10:$A$13,0))),"Succès complet",IF(P63>=INDEX(Succès!$E$10:$E$13,MATCH(A63,Succès!$A$10:$A$13,0)),"Engagé, portée modeste",IF(L63>=INDEX(Succès!$D$10:$D$13,MATCH(A63,Succès!$A$10:$A$13,0)),"Portée sans engagement","Standard"))) -> Engagé, portée modeste | T63: =IF(S63="Succès complet",1,0) -> 0
A64: Tendance | B64: T063 | C64: TND-056 | E64: Animaux | F64: Inconnu | H64: 29 | I64: 8 | J64: 140 | K64: 1 | L64: 3700000 | M64: 531700 | N64: 8147 | O64: 73800 | P64: =(M64+N64+O64)/L64 -> 0.16585054 | Q64: =M64/L64 -> 0.1437027 | R64: =IF(G64="","",L64/G64) | S64: =IF(AND(L64>=INDEX(Succès!$D$10:$D$13,MATCH(A64,Succès!$A$10:$A$13,0)),P64>=INDEX(Succès!$E$10:$E$13,MATCH(A64,Succès!$A$10:$A$13,0))),"Succès complet",IF(P64>=INDEX(Succès!$E$10:$E$13,MATCH(A64,Succès!$A$10:$A$13,0)),"Engagé, portée modeste",IF(L64>=INDEX(Succès!$D$10:$D$13,MATCH(A64,Succès!$A$10:$A$13,0)),"Portée sans engagement","Standard"))) -> Engagé, portée modeste | T64: =IF(S64="Succès complet",1,0) -> 0
A65: Tendance | B65: T064 | C65: TND-057 | E65: Humour & sketchs | F65: Inconnu | H65: 25 | I65: 3 | J65: 107 | K65: 0 | L65: 84500000 | M65: 12000000 | N65: 118500 | O65: 63400 | P65: =(M65+N65+O65)/L65 -> 0.1441645 | Q65: =M65/L65 -> 0.14201183 | R65: =IF(G65="","",L65/G65) | S65: =IF(AND(L65>=INDEX(Succès!$D$10:$D$13,MATCH(A65,Succès!$A$10:$A$13,0)),P65>=INDEX(Succès!$E$10:$E$13,MATCH(A65,Succès!$A$10:$A$13,0))),"Succès complet",IF(P65>=INDEX(Succès!$E$10:$E$13,MATCH(A65,Succès!$A$10:$A$13,0)),"Engagé, portée modeste",IF(L65>=INDEX(Succès!$D$10:$D$13,MATCH(A65,Succès!$A$10:$A$13,0)),"Portée sans engagement","Standard"))) -> Succès complet | T65: =IF(S65="Succès complet",1,0) -> 1
A66: Tendance | B66: T065 | C66: TND-058 | E66: Humour & sketchs | F66: Inconnu | H66: 14 | I66: 5 | J66: 101 | K66: 1 | L66: 8100000 | M66: 818300 | N66: 22600 | O66: 64000 | P66: =(M66+N66+O66)/L66 -> 0.11171605 | Q66: =M66/L66 -> 0.10102469 | R66: =IF(G66="","",L66/G66) | S66: =IF(AND(L66>=INDEX(Succès!$D$10:$D$13,MATCH(A66,Succès!$A$10:$A$13,0)),P66>=INDEX(Succès!$E$10:$E$13,MATCH(A66,Succès!$A$10:$A$13,0))),"Succès complet",IF(P66>=INDEX(Succès!$E$10:$E$13,MATCH(A66,Succès!$A$10:$A$13,0)),"Engagé, portée modeste",IF(L66>=INDEX(Succès!$D$10:$D$13,MATCH(A66,Succès!$A$10:$A$13,0)),"Portée sans engagement","Standard"))) -> Engagé, portée modeste | T66: =IF(S66="Succès complet",1,0) -> 0
A67: Tendance | B67: T066 | C67: TND-059 | E67: Non classé | F67: Inconnu | H67: 12 | I67: 2 | J67: 57 | K67: 0 | L67: 38200000 | M67: 5800000 | N67: 83500 | O67: 74900 | P67: =(M67+N67+O67)/L67 -> 0.15597906 | Q67: =M67/L67 -> 0.15183246 | R67: =IF(G67="","",L67/G67) | S67: =IF(AND(L67>=INDEX(Succès!$D$10:$D$13,MATCH(A67,Succès!$A$10:$A$13,0)),P67>=INDEX(Succès!$E$10:$E$13,MATCH(A67,Succès!$A$10:$A$13,0))),"Succès complet",IF(P67>=INDEX(Succès!$E$10:$E$13,MATCH(A67,Succès!$A$10:$A$13,0)),"Engagé, portée modeste",IF(L67>=INDEX(Succès!$D$10:$D$13,MATCH(A67,Succès!$A$10:$A$13,0)),"Portée sans engagement","Standard"))) -> Succès complet | T67: =IF(S67="Succès complet",1,0) -> 1
A68: Tendance | B68: T067 | C68: TND-060 | E68: Humour & sketchs | F68: Inconnu | H68: 13 | I68: 5 | J68: 58 | K68: 0 | L68: 106000000 | M68: 15200000 | N68: 114800 | O68: 325300 | P68: =(M68+N68+O68)/L68 -> 0.14754811 | Q68: =M68/L68 -> 0.14339623 | R68: =IF(G68="","",L68/G68) | S68: =IF(AND(L68>=INDEX(Succès!$D$10:$D$13,MATCH(A68,Succès!$A$10:$A$13,0)),P68>=INDEX(Succès!$E$10:$E$13,MATCH(A68,Succès!$A$10:$A$13,0))),"Succès complet",IF(P68>=INDEX(Succès!$E$10:$E$13,MATCH(A68,Succès!$A$10:$A$13,0)),"Engagé, portée modeste",IF(L68>=INDEX(Succès!$D$10:$D$13,MATCH(A68,Succès!$A$10:$A$13,0)),"Portée sans engagement","Standard"))) -> Succès complet | T68: =IF(S68="Succès complet",1,0) -> 1
A69: Tendance | B69: T068 | C69: TND-061 | E69: Famille & enfants | F69: Inconnu | H69: 8 | I69: 4 | J69: 46 | K69: 1 | L69: 3000000 | M69: 217700 | N69: 6076 | O69: 26200 | P69: =(M69+N69+O69)/L69 -> 0.083325333 | Q69: =M69/L69 -> 0.072566667 | R69: =IF(G69="","",L69/G69) | S69: =IF(AND(L69>=INDEX(Succès!$D$10:$D$13,MATCH(A69,Succès!$A$10:$A$13,0)),P69>=INDEX(Succès!$E$10:$E$13,MATCH(A69,Succès!$A$10:$A$13,0))),"Succès complet",IF(P69>=INDEX(Succès!$E$10:$E$13,MATCH(A69,Succès!$A$10:$A$13,0)),"Engagé, portée modeste",IF(L69>=INDEX(Succès!$D$10:$D$13,MATCH(A69,Succès!$A$10:$A$13,0)),"Portée sans engagement","Standard"))) -> Standard | T69: =IF(S69="Succès complet",1,0) -> 0
A70: Tendance | B70: T069 | C70: TND-062 | E70: Humour & sketchs | F70: Non | H70: 10 | I70: 3 | J70: 59 | K70: 1 | L70: 26000000 | M70: 3000000 | N70: 31200 | O70: 286900 | P70: =(M70+N70+O70)/L70 -> 0.12761923 | Q70: =M70/L70 -> 0.11538462 | R70: =IF(G70="","",L70/G70) | S70: =IF(AND(L70>=INDEX(Succès!$D$10:$D$13,MATCH(A70,Succès!$A$10:$A$13,0)),P70>=INDEX(Succès!$E$10:$E$13,MATCH(A70,Succès!$A$10:$A$13,0))),"Succès complet",IF(P70>=INDEX(Succès!$E$10:$E$13,MATCH(A70,Succès!$A$10:$A$13,0)),"Engagé, portée modeste",IF(L70>=INDEX(Succès!$D$10:$D$13,MATCH(A70,Succès!$A$10:$A$13,0)),"Portée sans engagement","Standard"))) -> Succès complet | T70: =IF(S70="Succès complet",1,0) -> 1
A71: Tendance | B71: T070 | C71: TND-028 | E71: Non classé | F71: Non | H71: 13 | I71: 0 | J71: 0 | K71: 0 | L71: 1000000 | M71: 40000 | N71: 341 | O71: 323 | P71: =(M71+N71+O71)/L71 -> 0.040664 | Q71: =M71/L71 -> 0.04 | R71: =IF(G71="","",L71/G71) | S71: =IF(AND(L71>=INDEX(Succès!$D$10:$D$13,MATCH(A71,Succès!$A$10:$A$13,0)),P71>=INDEX(Succès!$E$10:$E$13,MATCH(A71,Succès!$A$10:$A$13,0))),"Succès complet",IF(P71>=INDEX(Succès!$E$10:$E$13,MATCH(A71,Succès!$A$10:$A$13,0)),"Engagé, portée modeste",IF(L71>=INDEX(Succès!$D$10:$D$13,MATCH(A71,Succès!$A$10:$A$13,0)),"Portée sans engagement","Standard"))) -> Standard | T71: =IF(S71="Succès complet",1,0) -> 0
... A75: Tendance | B75: T074 | C75: TND-066 | E75: Non classé | F75: Inconnu | H75: 11 | I75: 0 | J75: 0 | K75: 0 | L75: 32600000 | M75: 3000000 | N75: 28000 | O75: 247000 | P75: =(M75+N75+O75)/L75 -> 0.10046012 | Q75: =M75/L75 -> 0.09202454 | R75: =IF(G75="","",L75/G75) | S75: =IF(AND(L75>=INDEX(Succès!$D$10:$D$13,MATCH(A75,Succès!$A$10:$A$13,0)),P75>=INDEX(Succès!$E$10:$E$13,MATCH(A75,Succès!$A$10:$A$13,0))),"Succès complet",IF(P75>=INDEX(Succès!$E$10:$E$13,MATCH(A75,Succès!$A$10:$A$13,0)),"Engagé, portée modeste",IF(L75>=INDEX(Succès!$D$10:$D$13,MATCH(A75,Succès!$A$10:$A$13,0)),"Portée sans engagement","Standard"))) -> Portée sans engagement | T75: =IF(S75="Succès complet",1,0) -> 0
A76: Tendance | B76: T075 | C76: TND-067 | D76: TND-067 | E76: Food & lifestyle | F76: Inconnu | H76: 14 | I76: 0 | J76: 30 | K76: 0 | L76: 24900000 | M76: 4000000 | N76: 18200 | O76: 12300 | P76: =(M76+N76+O76)/L76 -> 0.16186747 | Q76: =M76/L76 -> 0.16064257 | R76: =IF(G76="","",L76/G76) | S76: =IF(AND(L76>=INDEX(Succès!$D$10:$D$13,MATCH(A76,Succès!$A$10:$A$13,0)),P76>=INDEX(Succès!$E$10:$E$13,MATCH(A76,Succès!$A$10:$A$13,0))),"Succès complet",IF(P76>=INDEX(Succès!$E$10:$E$13,MATCH(A76,Succès!$A$10:$A$13,0)),"Engagé, portée modeste",IF(L76>=INDEX(Succès!$D$10:$D$13,MATCH(A76,Succès!$A$10:$A$13,0)),"Portée sans engagement","Standard"))) -> Succès complet | T76: =IF(S76="Succès complet",1,0) -> 1
A77: Tendance | B77: T076 | C77: TND-028 | E77: Non classé | F77: Non | H77: 10 | I77: 0 | J77: 24 | K77: 0 | L77: 14400000 | M77: 928700 | N77: 3614 | O77: 4936 | P77: =(M77+N77+O77)/L77 -> 0.065086806 | Q77: =M77/L77 -> 0.064493056 | R77: =IF(G77="","",L77/G77) | S77: =IF(AND(L77>=INDEX(Succès!$D$10:$D$13,MATCH(A77,Succès!$A$10:$A$13,0)),P77>=INDEX(Succès!$E$10:$E$13,MATCH(A77,Succès!$A$10:$A$13,0))),"Succès complet",IF(P77>=INDEX(Succès!$E$10:$E$13,MATCH(A77,Succès!$A$10:$A$13,0)),"Engagé, portée modeste",IF(L77>=INDEX(Succès!$D$10:$D$13,MATCH(A77,Succès!$A$10:$A$13,0)),"Portée sans engagement","Standard"))) -> Portée sans engagement | T77: =IF(S77="Succès complet",1,0) -> 0
A78: Tendance | B78: T077 | C78: TND-068 | E78: Non classé | F78: Oui | H78: 7 | I78: 0 | J78: 0 | K78: 0 | L78: 18900000 | M78: 2600000 | N78: 20000 | O78: 25700 | P78: =(M78+N78+O78)/L78 -> 0.13998413 | Q78: =M78/L78 -> 0.13756614 | R78: =IF(G78="","",L78/G78) | S78: =IF(AND(L78>=INDEX(Succès!$D$10:$D$13,MATCH(A78,Succès!$A$10:$A$13,0)),P78>=INDEX(Succès!$E$10:$E$13,MATCH(A78,Succès!$A$10:$A$13,0))),"Succès complet",IF(P78>=INDEX(Succès!$E$10:$E$13,MATCH(A78,Succès!$A$10:$A$13,0)),"Engagé, portée modeste",IF(L78>=INDEX(Succès!$D$10:$D$13,MATCH(A78,Succès!$A$10:$A$13,0)),"Portée sans engagement","Standard"))) -> Succès complet | T78: =IF(S78="Succès complet",1,0) -> 1
A79: Tendance | B79: T078 | C79: TND-028 | E79: Non classé | F79: Non | H79: 11 | I79: 0 | J79: 1 | K79: 0 | L79: 919800 | M79: 115500 | N79: 1136 | O79: 249 | P79: =(M79+N79+O79)/L79 -> 0.12707654 | Q79: =M79/L79 -> 0.12557078 | R79: =IF(G79="","",L79/G79) | S79: =IF(AND(L79>=INDEX(Succès!$D$10:$D$13,MATCH(A79,Succès!$A$10:$A$13,0)),P79>=INDEX(Succès!$E$10:$E$13,MATCH(A79,Succès!$A$10:$A$13,0))),"Succès complet",IF(P79>=INDEX(Succès!$E$10:$E$13,MATCH(A79,Succès!$A$10:$A$13,0)),"Engagé, portée modeste",IF(L79>=INDEX(Succès!$D$10:$D$13,MATCH(A79,Succès!$A$10:$A$13,0)),"Portée sans engagement","Standard"))) -> Engagé, portée modeste | T79: =IF(S79="Succès complet",1,0) -> 0
A80: Tendance | B80: T079 | C80: TND-069 | E80: Non classé | F80: Inconnu | H80: 13 | I80: 8 | J80: 132 | K80: 1 | L80: 5500000 | M80: 283100 | N80: 6966 | O80: 7464 | P80: =(M80+N80+O80)/L80 -> 0.054096364 | Q80: =M80/L80 -> 0.051472727 | R80: =IF(G80="","",L80/G80) | S80: =IF(AND(L80>=INDEX(Succès!$D$10:$D$13,MATCH(A80,Succès!$A$10:$A$13,0)),P80>=INDEX(Succès!$E$10:$E$13,MATCH(A80,Succès!$A$10:$A$13,0))),"Succès complet",IF(P80>=INDEX(Succès!$E$10:$E$13,MATCH(A80,Succès!$A$10:$A$13,0)),"Engagé, portée modeste",IF(L80>=INDEX(Succès!$D$10:$D$13,MATCH(A80,Succès!$A$10:$A$13,0)),"Portée sans engagement","Standard"))) -> Standard | T80: =IF(S80="Succès complet",1,0) -> 0
A81: Tendance | B81: T080 | C81: TND-070 | E81: Food & lifestyle | F81: Inconnu | H81: 43 | I81: 3 | J81: 57 | K81: 1 | L81: 4800000 | M81: 769700 | N81: 1809 | O81: 3881 | P81: =(M81+N81+O81)/L81 -> 0.16153958 | Q81: =M81/L81 -> 0.16035417 | R81: =IF(G81="","",L81/G81) | S81: =IF(AND(L81>=INDEX(Succès!$D$10:$D$13,MATCH(A81,Succès!$A$10:$A$13,0)),P81>=INDEX(Succès!$E$10:$E$13,MATCH(A81,Succès!$A$10:$A$13,0))),"Succès complet",IF(P81>=INDEX(Succès!$E$10:$E$13,MATCH(A81,Succès!$A$10:$A$13,0)),"Engagé, portée modeste",IF(L81>=INDEX(Succès!$D$10:$D$13,MATCH(A81,Succès!$A$10:$A$13,0)),"Portée sans engagement","Standard"))) -> Engagé, portée modeste | T81: =IF(S81="Succès complet",1,0) -> 0
A82: Tendance | B82: T081 | C82: TND-028 | E82: Non classé | F82: Non | H82: 8 | I82: 0 | J82: 1 | K82: 0 | L82: 28700000 | M82: 2200000 | N82: 9354 | O82: 22000 | P82: =(M82+N82+O82)/L82 -> 0.077747526 | Q82: =M82/L82 -> 0.076655052 | R82: =IF(G82="","",L82/G82) | S82: =IF(AND(L82>=INDEX(Succès!$D$10:$D$13,MATCH(A82,Succès!$A$10:$A$13,0)),P82>=INDEX(Succès!$E$10:$E$13,MATCH(A82,Succès!$A$10:$A$13,0))),"Succès complet",IF(P82>=INDEX(Succès!$E$10:$E$13,MATCH(A82,Succès!$A$10:$A$13,0)),"Engagé, portée modeste",IF(L82>=INDEX(Succès!$D$10:$D$13,MATCH(A82,Succès!$A$10:$A$13,0)),"Portée sans engagement","Standard"))) -> Portée sans engagement | T82: =IF(S82="Succès complet",1,0) -> 0
A83: Tendance | B83: T082 | C83: TND-071 | D83: TND-071 | E83: Non classé | F83: Non | H83: 13 | I83: 0 | J83: 0 | K83: 0 | L83: 50500000 | M83: 9900000 | N83: 73400 | O83: 52800 | P83: =(M83+N83+O83)/L83 -> 0.19853861 | Q83: =M83/L83 -> 0.1960396 | R83: =IF(G83="","",L83/G83) | S83: =IF(AND(L83>=INDEX(Succès!$D$10:$D$13,MATCH(A83,Succès!$A$10:$A$13,0)),P83>=INDEX(Succès!$E$10:$E$13,MATCH(A83,Succès!$A$10:$A$13,0))),"Succès complet",IF(P83>=INDEX(Succès!$E$10:$E$13,MATCH(A83,Succès!$A$10:$A$13,0)),"Engagé, portée modeste",IF(L83>=INDEX(Succès!$D$10:$D$13,MATCH(A83,Succès!$A$10:$A$13,0)),"Portée sans engagement","Standard"))) -> Succès complet | T83: =IF(S83="Succès complet",1,0) -> 1
A84: Tendance | B84: T083 | C84: TND-072 | E84: Humour & sketchs | F84: Inconnu | H84: 13 | I84: 2 | J84: 34 | K84: 0 | L84: 3100000 | M84: 121800 | N84: 1662 | O84: 42300 | P84: =(M84+N84+O84)/L84 -> 0.053471613 | Q84: =M84/L84 -> 0.039290323 | R84: =IF(G84="","",L84/G84) | S84: =IF(AND(L84>=INDEX(Succès!$D$10:$D$13,MATCH(A84,Succès!$A$10:$A$13,0)),P84>=INDEX(Succès!$E$10:$E$13,MATCH(A84,Succès!$A$10:$A$13,0))),"Succès complet",IF(P84>=INDEX(Succès!$E$10:$E$13,MATCH(A84,Succès!$A$10:$A$13,0)),"Engagé, portée modeste",IF(L84>=INDEX(Succès!$D$10:$D$13,MATCH(A84,Succès!$A$10:$A$13,0)),"Portée sans engagement","Standard"))) -> Standard | T84: =IF(S84="Succès complet",1,0) -> 0
A85: Tendance | B85: T084 | C85: TND-073 | E85: Non classé | F85: Inconnu | H85: 58 | I85: 3 | J85: 37 | K85: 0 | L85: 200200000 | M85: 6100000 | N85: 90200 | O85: 108200 | P85: =(M85+N85+O85)/L85 -> 0.031460539 | Q85: =M85/L85 -> 0.03046953 | R85: =IF(G85="","",L85/G85) | S85: =IF(AND(L85>=INDEX(Succès!$D$10:$D$13,MATCH(A85,Succès!$A$10:$A$13,0)),P85>=INDEX(Succès!$E$10:$E$13,MATCH(A85,Succès!$A$10:$A$13,0))),"Succès complet",IF(P85>=INDEX(Succès!$E$10:$E$13,MATCH(A85,Succès!$A$10:$A$13,0)),"Engagé, portée modeste",IF(L85>=INDEX(Succès!$D$10:$D$13,MATCH(A85,Succès!$A$10:$A$13,0)),"Portée sans engagement","Standard"))) -> Portée sans engagement | T85: =IF(S85="Succès complet",1,0) -> 0
A86: Tendance | B86: T085 | C86: TND-074 | E86: Non classé | F86: Inconnu | H86: 14 | I86: 5 | J86: 91 | K86: 1 | L86: 15200000 | M86: 1900000 | N86: 68500 | O86: 68500 | P86: =(M86+N86+O86)/L86 -> 0.13401316 | Q86: =M86/L86 -> 0.125 | R86: =IF(G86="","",L86/G86) | S86: =IF(AND(L86>=INDEX(Succès!$D$10:$D$13,MATCH(A86,Succès!$A$10:$A$13,0)),P86>=INDEX(Succès!$E$10:$E$13,MATCH(A86,Succès!$A$10:$A$13,0))),"Succès complet",IF(P86>=INDEX(Succès!$E$10:$E$13,MATCH(A86,Succès!$A$10:$A$13,0)),"Engagé, portée modeste",IF(L86>=INDEX(Succès!$D$10:$D$13,MATCH(A86,Succès!$A$10:$A$13,0)),"Portée sans engagement","Standard"))) -> Succès complet | T86: =IF(S86="Succès complet",1,0) -> 1
A87: Tendance | B87: T086 | C87: TND-075 | E87: Humour & sketchs | F87: Inconnu | H87: 7 | I87: 11 | J87: 96 | K87: 1 | L87: 954700 | M87: 42700 | N87: 738 | O87: 5468 | P87: =(M87+N87+O87)/L87 -> 0.051226563 | Q87: =M87/L87 -> 0.044726092 | R87: =IF(G87="","",L87/G87) | S87: =IF(AND(L87>=INDEX(Succès!$D$10:$D$13,MATCH(A87,Succès!$A$10:$A$13,0)),P87>=INDEX(Succès!$E$10:$E$13,MATCH(A87,Succès!$A$10:$A$13,0))),"Succès complet",IF(P87>=INDEX(Succès!$E$10:$E$13,MATCH(A87,Succès!$A$10:$A$13,0)),"Engagé, portée modeste",IF(L87>=INDEX(Succès!$D$10:$D$13,MATCH(A87,Succès!$A$10:$A$13,0)),"Portée sans engagement","Standard"))) -> Standard | T87: =IF(S87="Succès complet",1,0) -> 0
A88: Tendance | B88: T087 | C88: TND-034 | E88: Non classé | F88: Inconnu | H88: 10 | I88: 0 | J88: 46 | K88: 0 | L88: 4800000 | M88: 502900 | N88: 2617 | O88: 1480 | P88: =(M88+N88+O88)/L88 -> 0.10562438 | Q88: =M88/L88 -> 0.10477083 | R88: =IF(G88="","",L88/G88) | S88: =IF(AND(L88>=INDEX(Succès!$D$10:$D$13,MATCH(A88,Succès!$A$10:$A$13,0)),P88>=INDEX(Succès!$E$10:$E$13,MATCH(A88,Succès!$A$10:$A$13,0))),"Succès complet",IF(P88>=INDEX(Succès!$E$10:$E$13,MATCH(A88,Succès!$A$10:$A$13,0)),"Engagé, portée modeste",IF(L88>=INDEX(Succès!$D$10:$D$13,MATCH(A88,Succès!$A$10:$A$13,0)),"Portée sans engagement","Standard"))) -> Standard | T88: =IF(S88="Succès complet",1,0) -> 0
A89: Tendance | B89: T088 | C89: TND-076 | E89: Humour & sketchs | F89: Inconnu | H89: 8 | I89: 0 | J89: 4 | K89: 0 | L89: 1200000 | M89: 60900 | N89: 1205 | O89: 11900 | P89: =(M89+N89+O89)/L89 -> 0.061670833 | Q89: =M89/L89 -> 0.05075 | R89: =IF(G89="","",L89/G89) | S89: =IF(AND(L89>=INDEX(Succès!$D$10:$D$13,MATCH(A89,Succès!$A$10:$A$13,0)),P89>=INDEX(Succès!$E$10:$E$13,MATCH(A89,Succès!$A$10:$A$13,0))),"Succès complet",IF(P89>=INDEX(Succès!$E$10:$E$13,MATCH(A89,Succès!$A$10:$A$13,0)),"Engagé, portée modeste",IF(L89>=INDEX(Succès!$D$10:$D$13,MATCH(A89,Succès!$A$10:$A$13,0)),"Portée sans engagement","Standard"))) -> Standard | T89: =IF(S89="Succès complet",1,0) -> 0
A90: Tendance | B90: T089 | C90: TND-077 | E90: Humour & sketchs | F90: Inconnu | H90: 16 | I90: 14 | J90: 148 | K90: 1 | L90: 6700000 | M90: 215800 | N90: 5923 | O90: 45800 | P90: =(M90+N90+O90)/L90 -> 0.039928806 | Q90: =M90/L90 -> 0.032208955 | R90: =IF(G90="","",L90/G90) | S90: =IF(AND(L90>=INDEX(Succès!$D$10:$D$13,MATCH(A90,Succès!$A$10:$A$13,0)),P90>=INDEX(Succès!$E$10:$E$13,MATCH(A90,Succès!$A$10:$A$13,0))),"Succès complet",IF(P90>=INDEX(Succès!$E$10:$E$13,MATCH(A90,Succès!$A$10:$A$13,0)),"Engagé, portée modeste",IF(L90>=INDEX(Succès!$D$10:$D$13,MATCH(A90,Succès!$A$10:$A$13,0)),"Portée sans engagement","Standard"))) -> Standard | T90: =IF(S90="Succès complet",1,0) -> 0
A91: Tendance | B91: T090 | C91: TND-078 | E91: Non classé | F91: Inconnu | H91: 12 | I91: 8 | J91: 51 | K91: 1 | L91: 35200000 | M91: 2400000 | N91: 25800 | O91: 10500 | P91: =(M91+N91+O91)/L91 -> 0.069213068 | Q91: =M91/L91 -> 0.068181818 | R91: =IF(G91="","",L91/G91) | S91: =IF(AND(L91>=INDEX(Succès!$D$10:$D$13,MATCH(A91,Succès!$A$10:$A$13,0)),P91>=INDEX(Succès!$E$10:$E$13,MATCH(A91,Succès!$A$10:$A$13,0))),"Succès complet",IF(P91>=INDEX(Succès!$E$10:$E$13,MATCH(A91,Succès!$A$10:$A$13,0)),"Engagé, portée modeste",IF(L91>=INDEX(Succès!$D$10:$D$13,MATCH(A91,Succès!$A$10:$A$13,0)),"Portée sans engagement","Standard"))) -> Portée sans engagement | T91: =IF(S91="Succès complet",1,0) -> 0
A92: Tendance | B92: T091 | C92: TND-079 | E92: Animaux | F92: Inconnu | H92: 7 | I92: 3 | J92: 40 | K92: 1 | L92: 7700000 | M92: 944600 | N92: 6370 | O92: 41600 | P92: =(M92+N92+O92)/L92 -> 0.12890519 | Q92: =M92/L92 -> 0.12267532 | R92: =IF(G92="","",L92/G92) | S92: =IF(AND(L92>=INDEX(Succès!$D$10:$D$13,MATCH(A92,Succès!$A$10:$A$13,0)),P92>=INDEX(Succès!$E$10:$E$13,MATCH(A92,Succès!$A$10:$A$13,0))),"Succès complet",IF(P92>=INDEX(Succès!$E$10:$E$13,MATCH(A92,Succès!$A$10:$A$13,0)),"Engagé, portée modeste",IF(L92>=INDEX(Succès!$D$10:$D$13,MATCH(A92,Succès!$A$10:$A$13,0)),"Portée sans engagement","Standard"))) -> Engagé, portée modeste | T92: =IF(S92="Succès complet",1,0) -> 0
A93: Tendance | B93: T092 | C93: TND-028 | E93: Non classé | F93: Non | H93: 8 | I93: 0 | J93: 17 | K93: 0 | L93: 32500000 | M93: 3900000 | N93: 19400 | O93: 21300 | P93: =(M93+N93+O93)/L93 -> 0.12125231 | Q93: =M93/L93 -> 0.12 | R93: =IF(G93="","",L93/G93) | S93: =IF(AND(L93>=INDEX(Succès!$D$10:$D$13,MATCH(A93,Succès!$A$10:$A$13,0)),P93>=INDEX(Succès!$E$10:$E$13,MATCH(A93,Succès!$A$10:$A$13,0))),"Succès complet",IF(P93>=INDEX(Succès!$E$10:$E$13,MATCH(A93,Succès!$A$10:$A$13,0)),"Engagé, portée modeste",IF(L93>=INDEX(Succès!$D$10:$D$13,MATCH(A93,Succès!$A$10:$A$13,0)),"Portée sans engagement","Standard"))) -> Succès complet | T93: =IF(S93="Succès complet",1,0) -> 1
A94: Tendance | B94: T093 | C94: TND-010 | D94: TND-010 | E94: Food & lifestyle | F94: Oui | H94: 11 | I94: 0 | J94: 41 | K94: 0 | L94: 26700000 | M94: 6600000 | N94: 107100 | O94: 49100 | P94: =(M94+N94+O94)/L94 -> 0.2530412 | Q94: =M94/L94 -> 0.24719101 | R94: =IF(G94="","",L94/G94) | S94: =IF(AND(L94>=INDEX(Succès!$D$10:$D$13,MATCH(A94,Succès!$A$10:$A$13,0)),P94>=INDEX(Succès!$E$10:$E$13,MATCH(A94,Succès!$A$10:$A$13,0))),"Succès complet",IF(P94>=INDEX(Succès!$E$10:$E$13,MATCH(A94,Succès!$A$10:$A$13,0)),"Engagé, portée modeste",IF(L94>=INDEX(Succès!$D$10:$D$13,MATCH(A94,Succès!$A$10:$A$13,0)),"Portée sans engagement","Standard"))) -> Succès complet | T94: =IF(S94="Succès complet",1,0) -> 1
A95: Tendance | B95: T094 | C95: TND-034 | E95: Non classé | F95: Inconnu | H95: 8 | I95: 0 | J95: 20 | K95: 0 | L95: 2900000 | M95: 342000 | N95: 21500 | O95: 1687 | P95: =(M95+N95+O95)/L95 -> 0.12592655 | Q95: =M95/L95 -> 0.11793103 | R95: =IF(G95="","",L95/G95) | S95: =IF(AND(L95>=INDEX(Succès!$D$10:$D$13,MATCH(A95,Succès!$A$10:$A$13,0)),P95>=INDEX(Succès!$E$10:$E$13,MATCH(A95,Succès!$A$10:$A$13,0))),"Succès complet",IF(P95>=INDEX(Succès!$E$10:$E$13,MATCH(A95,Succès!$A$10:$A$13,0)),"Engagé, portée modeste",IF(L95>=INDEX(Succès!$D$10:$D$13,MATCH(A95,Succès!$A$10:$A$13,0)),"Portée sans engagement","Standard"))) -> Engagé, portée modeste | T95: =IF(S95="Succès complet",1,0) -> 0
A96: Tendance | B96: T095 | C96: TND-034 | E96: Non classé | F96: Inconnu | H96: 10 | I96: 0 | J96: 16 | K96: 0 | L96: 1600000 | M96: 155400 | N96: 933 | O96: 472 | P96: =(M96+N96+O96)/L96 -> 0.098003125 | Q96: =M96/L96 -> 0.097125 | R96: =IF(G96="","",L96/G96) | S96: =IF(AND(L96>=INDEX(Succès!$D$10:$D$13,MATCH(A96,Succès!$A$10:$A$13,0)),P96>=INDEX(Succès!$E$10:$E$13,MATCH(A96,Succès!$A$10:$A$13,0))),"Succès complet",IF(P96>=INDEX(Succès!$E$10:$E$13,MATCH(A96,Succès!$A$10:$A$13,0)),"Engagé, portée modeste",IF(L96>=INDEX(Succès!$D$10:$D$13,MATCH(A96,Succès!$A$10:$A$13,0)),"Portée sans engagement","Standard"))) -> Standard | T96: =IF(S96="Succès complet",1,0) -> 0
A97: Tendance | B97: T096 | C97: TND-080 | E97: Non classé | F97: Inconnu | H97: 11 | I97: 0 | J97: 0 | K97: 0 | L97: 29800000 | M97: 976900 | N97: 10400 | O97: 143400 | P97: =(M97+N97+O97)/L97 -> 0.037942953 | Q97: =M97/L97 -> 0.032781879 | R97: =IF(G97="","",L97/G97) | S97: =IF(AND(L97>=INDEX(Succès!$D$10:$D$13,MATCH(A97,Succès!$A$10:$A$13,0)),P97>=INDEX(Succès!$E$10:$E$13,MATCH(A97,Succès!$A$10:$A$13,0))),"Succès complet",IF(P97>=INDEX(Succès!$E$10:$E$13,MATCH(A97,Succès!$A$10:$A$13,0)),"Engagé, portée modeste",IF(L97>=INDEX(Succès!$D$10:$D$13,MATCH(A97,Succès!$A$10:$A$13,0)),"Portée sans engagement","Standard"))) -> Portée sans engagement | T97: =IF(S97="Succès complet",1,0) -> 0
A98: Tendance | B98: T097 | C98: TND-081 | E98: Famille & enfants | F98: Inconnu | H98: 66 | I98: 12 | J98: 143 | K98: 1 | L98: 6200000 | M98: 1000000 | N98: 15300 | O98: 36400 | P98: =(M98+N98+O98)/L98 -> 0.16962903 | Q98: =M98/L98 -> 0.16129032 | R98: =IF(G98="","",L98/G98) | S98: =IF(AND(L98>=INDEX(Succès!$D$10:$D$13,MATCH(A98,Succès!$A$10:$A$13,0)),P98>=INDEX(Succès!$E$10:$E$13,MATCH(A98,Succès!$A$10:$A$13,0))),"Succès complet",IF(P98>=INDEX(Succès!$E$10:$E$13,MATCH(A98,Succès!$A$10:$A$13,0)),"Engagé, portée modeste",IF(L98>=INDEX(Succès!$D$10:$D$13,MATCH(A98,Succès!$A$10:$A$13,0)),"Portée sans engagement","Standard"))) -> Engagé, portée modeste | T98: =IF(S98="Succès complet",1,0) -> 0
A99: Tendance | B99: T098 | C99: TND-082 | E99: Non classé | F99: Inconnu | H99: 11 | I99: 0 | J99: 0 | K99: 0 | L99: 2100000 | M99: 147300 | N99: 1335 | O99: 13000 | P99: =(M99+N99+O99)/L99 -> 0.076969048 | Q99: =M99/L99 -> 0.070142857 | R99: =IF(G99="","",L99/G99) | S99: =IF(AND(L99>=INDEX(Succès!$D$10:$D$13,MATCH(A99,Succès!$A$10:$A$13,0)),P99>=INDEX(Succès!$E$10:$E$13,MATCH(A99,Succès!$A$10:$A$13,0))),"Succès complet",IF(P99>=INDEX(Succès!$E$10:$E$13,MATCH(A99,Succès!$A$10:$A$13,0)),"Engagé, portée modeste",IF(L99>=INDEX(Succès!$D$10:$D$13,MATCH(A99,Succès!$A$10:$A$13,0)),"Portée sans engagement","Standard"))) -> Standard | T99: =IF(S99="Succès complet",1,0) -> 0
A100: Tendance | B100: T099 | C100: TND-083 | E100: Humour & sketchs | F100: Inconnu | H100: 15 | I100: 5 | J100: 113 | K100: 1 | L100: 17100000 | M100: 1000000 | N100: 12100 | O100: 137100 | P100: =(M100+N100+O100)/L100 -> 0.067204678 | Q100: =M100/L100 -> 0.058479532 | R100: =IF(G100="","",L100/G100) | S100: =IF(AND(L100>=INDEX(Succès!$D$10:$D$13,MATCH(A100,Succès!$A$10:$A$13,0)),P100>=INDEX(Succès!$E$10:$E$13,MATCH(A100,Succès!$A$10:$A$13,0))),"Succès complet",IF(P100>=INDEX(Succès!$E$10:$E$13,MATCH(A100,Succès!$A$10:$A$13,0)),"Engagé, portée modeste",IF(L100>=INDEX(Succès!$D$10:$D$13,MATCH(A100,Succès!$A$10:$A$13,0)),"Portée sans engagement","Standard"))) -> Portée sans engagement | T100: =IF(S100="Succès complet",1,0) -> 0
A101: Tendance | B101: T100 | C101: TND-084 | E101: Humour & sketchs | F101: Non | H101: 11 | I101: 0 | J101: 4 | K101: 0 | L101: 2400000 | M101: 475300 | N101: 4790 | O101: 34500 | P101: =(M101+N101+O101)/L101 -> 0.2144125 | Q101: =M101/L101 -> 0.19804167 | R101: =IF(G101="","",L101/G101) | S101: =IF(AND(L101>=INDEX(Succès!$D$10:$D$13,MATCH(A101,Succès!$A$10:$A$13,0)),P101>=INDEX(Succès!$E$10:$E$13,MATCH(A101,Succès!$A$10:$A$13,0))),"Succès complet",IF(P101>=INDEX(Succès!$E$10:$E$13,MATCH(A101,Succès!$A$10:$A$13,0)),"Engagé, portée modeste",IF(L101>=INDEX(Succès!$D$10:$D$13,MATCH(A101,Succès!$A$10:$A$13,0)),"Portée sans engagement","Standard"))) -> Engagé, portée modeste | T101: =IF(S101="Succès complet",1,0) -> 0
A102: Aimées | B102: A001 | C102: AIM-001 | E102: — | F102: n/d | H102: 14 | I102: 0 | J102: 48 | K102: 0 | L102: 1300000 | M102: 289300 | N102: 3340 | O102: 2860 | P102: =(M102+N102+O102)/L102 -> 0.22730769 | Q102: =M102/L102 -> 0.22253846 | R102: =IF(G102="","",L102/G102) | S102: =IF(AND(L102>=INDEX(Succès!$D$10:$D$13,MATCH(A102,Succès!$A$10:$A$13,0)),P102>=INDEX(Succès!$E$10:$E$13,MATCH(A102,Succès!$A$10:$A$13,0))),"Succès complet",IF(P102>=INDEX(Succès!$E$10:$E$13,MATCH(A102,Succès!$A$10:$A$13,0)),"Engagé, portée modeste",IF(L102>=INDEX(Succès!$D$10:$D$13,MATCH(A102,Succès!$A$10:$A$13,0)),"Portée sans engagement","Standard"))) -> Engagé, portée modeste | T102: =IF(S102="Succès complet",1,0) -> 0
A103: Aimées | B103: A002 | C103: AIM-002 | E103: — | F103: n/d | H103: 70 | I103: 5 | J103: 112 | K103: 0 | L103: 574900 | M103: 143500 | N103: 1549 | O103: 3832 | P103: =(M103+N103+O103)/L103 -> 0.25896852 | Q103: =M103/L103 -> 0.24960863 | R103: =IF(G103="","",L103/G103) | S103: =IF(AND(L103>=INDEX(Succès!$D$10:$D$13,MATCH(A103,Succès!$A$10:$A$13,0)),P103>=INDEX(Succès!$E$10:$E$13,MATCH(A103,Succès!$A$10:$A$13,0))),"Succès complet",IF(P103>=INDEX(Succès!$E$10:$E$13,MATCH(A103,Succès!$A$10:$A$13,0)),"Engagé, portée modeste",IF(L103>=INDEX(Succès!$D$10:$D$13,MATCH(A103,Succès!$A$10:$A$13,0)),"Portée sans engagement","Standard"))) -> Engagé, portée modeste | T103: =IF(S103="Succès complet",1,0) -> 0
...
